用户ID,用户名,评分,评论内容,点赞数,发布时间,设备型号
711231516,澪波72,4,好玩是好玩但要充钱,,2025-04-05 18:06,OPPO A系列
358703724,緈諨de約錠,4,游戏更新后跳跃好难受啊，感觉我以前的丝滑，能不能改成以前那样,,2025-04-05 17:07,未提供
659565215,玄度,4,经典，除了图纸难收集和官方跑路都挺好,1,2025-04-05 15:41,Vivo IQOO Z9 Turbo
503356171,天勾五先驱者,1,不是，我有bibi有号苹果还得再买一次啊！我号dlc都买全了！,,2025-04-05 12:24,iPad (5th generation)
710756691,大爱狼尊,5,手机上不太好操作，有手柄的可以连个手柄玩，操作上会有很大提升😁😁😁,1,2025-04-02 09:30,Honor 90
705738752,天童爱丽丝,5,好玩，就是有点肝,,2025-04-05 10:36,Honor Play 5T
711492197,抓人种香菜,4,之前居然没有上手细胞，精品不容错过。我准备开冲了,,2025-04-05 10:19,iPhone 12 Pro
71795943,葫芦娃,1,这个游戏真不错，就是改了好几回登录设置，上一次改完后，我的dlc全没了，上传云端的记录也没了，真圈钱呀,2,2025-04-04 23:02,三星Galaxy S23 Ultra
527817609,等等,4,这啥回事,,2025-04-04 19:48,未提供
417427326,边缘划水,4,消磨时间，耐玩，不过有的地方对手残党不太友好.<br />到现在高塔还打不过_(:з」∠)_,,2025-04-04 18:58,红米 K70
497857174,MuMu_blue,1,ber我就换了个手机，存档没了？😅😅😅,,2025-04-04 18:08,Vivo IQOO 11
2282041,林天遥,3,银行没路 德古拉掉色。。。<br />。。。程序员 BUG修一下,,2025-04-04 16:39,未提供
643453061,伶俜,4,问一下，我没有开超级变异开的存档也是普通模式第一次打王手后没有调细胞难度，后面是不能调了吗,,2025-04-04 11:53,HONOR ALT-AN00
6526234,我是一棵树 ,2,优化太差了，到底什么配置的手机才能不掉帧？😂,,2025-04-04 00:56,红米 K70
22661600,大雄.,1,没人想玩你的垃圾里希达模式,,2025-04-03 22:42,小米Xiaomi 14
691581124,在你的诗篇,5,30多块钱买这么游戏还是挺值的，挺好玩的,,2025-04-03 19:18,华为P30
2765463,CUI  JIAN,5,《重生细胞》手游简直是肉鸽玩家的快乐老家！死亡轮回千百遍还是停不下来，每次重生都能解锁新武器，从死神巨镰到电鞭，搭配不同技能直接化身割草战神，打击感爽到手指发麻！像素画风细节拉满，恶魔城DLC一开，经典BGM响起瞬间爷青回，打德古拉差点把手机搓出火星子。<br />操作优化超贴心，虚拟键位自定义+辅助模式拯救手残，菜就多练练居然真能练成盾反大师。30元买断制良心到爆，没有广告和逼氪套路，地铁上掏出来打两把细胞，通勤时间直接变身快乐摸鱼人。随机地图+百种装备，这周目还卡在二细胞，下周目捡到咒刃立马逆袭，肉鸽的魅力被它玩明白了！（顺便问：有人一起挑战五细胞吗？菜狗互啄局急需队友.jpg）,2,2025-04-02 20:25,小米Xiaomi 14 Ultra
542869482,别望我,5,好玩是好玩但是为什么登上去是个新号,2,2025-04-02 18:43,红米 K70
650197663,Rubrian,4,好<br />就是容易让人沉迷，上水课玩，完了删就行了,,2025-04-02 13:55,小米Xiaomi 14
468891067,上善若水无为而治,4,手枪怎么获得？,,2025-04-02 02:03,Honor 90 Pro
605275413,老六,3,这咋整,,2025-04-01 20:53,小米Mi 11 Lite 5G
38555012,你若相惜，我必相依,1,为什么我买了游戏之后玩了几个月了，过了很久之后又提示我需要重新购买？？？,,2025-04-01 16:58,Redmi K50
422720689,User422720689,1,官方你自己看看这啥？我死一次一复活就这样，进个房间也这样😅,3,2025-04-01 09:25,小米Xiaomi 14
567972862,。。。。,5,可玩性——————————————————高的很<br />画面音乐————————————————非常精致 希望能做到像端游一样<br />耐玩性——————————————————非常高  有各种各样的皮肤和彩蛋可以去探索,,2025-03-31 17:16,Nubia NX679J
473749615,tequila,1,我的账号怎么又要我购买一次全DLC，我从来没换过账号,,2025-03-31 10:39,未提供
567111502,Z,1,垃圾，一堆bug，辛辛苦苦打了好久的存档结果一直卡着加载中进不去,2,2025-03-30 17:47,Vivo X Fold3 Pro
642384030,牧山的云,5,重生细胞是之前朋友玩过的一款游戏，看过朋友玩过后，自己也去下过一次，但是当时还是高中，看到付费就只是试了一下，就没继续了，但是最近没手游玩了，突然想起重生细胞，这次深入了解，觉得重生细胞真的是一款非常好的肉鸽游戏，手游过了，我要去试一试pc端的了😋,,2025-03-30 00:05,Honor 90
530714294,喝一口蝙蝠高汤,5,非常完美的神作，无论是从故事，音乐，动作设计，还是手感方面都是万里挑一。不过我真的希望出一个联机模式😖太想跟朋友们一起刷怪了,1,2025-03-28 21:56,未提供
42549448,阿隆戴特,4,敢想象吗有肺雾打了20个小时还没到王手(ㆀ˘･з･˘)<br />打四星是因为刚买完dlc就打折了🦌😓😈,,2025-03-28 19:40,未提供
17463556,星之剑,3,死亡细胞绝对是个好游戏，但是手机上的操作优化实在太差。摇杆调不了灵敏度，从缝隙里下去一会儿左一会儿右，药水按键太小，还不让调整，这游戏只能用手柄玩了。,3,2025-03-28 13:00,Honor 60 Pro
28305165,࿈未闻花名࿈,1,有段时间没玩了，最近刚重新下回来 ，却发现以前买的dlc没用了，要求我重新购买，有什么解决办法,1,2025-03-28 08:25,Redmi  K70 Pro
99899651,ZEUS,5,本体加dlc全部拿下，值得一玩。,1,2025-03-28 00:09,小米Xiaomi 14 Pro
700309652,然浩小解说（的堂弟）,5,这游戏我都玩的死死了好吧！僵尸一刀秒（破旧的短剑）可惜就是没有买完整版（没钱）！！！！！！o(￣ヘ￣o#),3,2025-03-27 16:06,Vivo Y36s
396476360,男人·靠的是魅力,1,摇杆本来就难操作还不让改，吐了🤮,4,2025-03-27 09:25,OPPO Reno13 Pro
596694132,杰哥,4,各方面很好，唯一就是想问问账号咋登录，账号找不见了能不能找回,,2025-03-27 01:09,未提供
107734387,非酋手机用户,5,刚玩不久才2细胞，昨晚上游戏出问题进不了下一张图，于是把游戏卸了重新安装，然后，，，什么都没有了，，什么都没有了😭😭😭😭😭我要重头开始了😭,,2025-03-26 21:29,未提供
49747551,User49747551,1,钟楼体验一坨,,2025-03-26 07:15,Honor Magic4
53904820,心悦神宁,1,我一个月前买的游戏吧，大概我就只有两个账号。然后我换了个手机，一个是手机号登录的，这个是QQ号登录的。但是我购买的完整版的却找不见了，就换了个手机。我好久以前买的泰拉瑞亚都还在账号里面，但是我的这个买的就只有试用版了。,2,2025-03-25 17:45,Huawei Mate 60 Pro
59436844,茗,1,不出新图了吗,,2025-03-25 17:06,Vivo IQOO 13
381669920,书山有路,1,怎么退款啊？这个游戏,1,2025-03-25 02:30,HONOR 200
335590349,inksans,5,本体打折踹我一下😃,,2025-03-24 23:41,Vivo V2426A
32537443,枍枳狐,1,经常出bug结算完一把就卡死,1,2025-03-24 17:02,未提供
463719610,龙蝶斗罗,5,这东西谁遇到过？大佬出来帮忙一下，充值完之后，不让我用？<br />😔😔😔😔,,2025-03-24 02:52,Vivo IQOO Z9 Turbo
6626999,lative,4,隔壁 无限shenyuan也不错。,,2025-03-23 21:17,未提供
322018853,呂吕,1,什么时候修bug😡<br />第二次问<br />什么时候修bug😡<br />第三次，不推荐买，有bug，官方不修,16,2024-12-29 13:26,未提供
47046216,莫问归期,5,包好的现在还有比之前还便宜了更适合买了打不过了就开宝宝模式反正就别用宝宝模式去装13就行,,2025-03-23 15:39,一加手机13
682867223,TapTap,4,好玩，已经白王了，只是通关后就不知道干什么了，完整版有点小贵，总体来说还是不错的，值得入坑，就是太肝了，不死几百次根本过不去，细胞也有点难攒，其他的还不错，菜刀太BUG了，无限弹药基本无敌，所以新手推荐先在牢房的剧情房拿菜刀，从此在这游戏你就能行着走，最后总价：好玩，有点肝，小贵,,2025-03-23 13:58,未提供
647458557,彦,4,个人觉得好玩，但是后续要钱 我没钱 只能一直玩第一关了😉😐😛<br />🕹️耐玩性：<br />善,,2025-03-22 21:59,Vivo Y55t
541758688,jhdjdkdhdnj,5,作为一个在别的地方到收藏家的人，我就简单说一下。<br />首先这款游戏在某些地方难度较大 ，需要耗费一些时间理解，容易让人产生情绪。<br />其次，这款游戏耐玩性不好，还是游戏难度的问题，容易让人产生情绪。但在游玩性这方面说还是挺不错的 。<br />然后，这款游戏无论是风格，图画，还是游玩方式都较不错<br />总体来说，这款游戏可以推荐，适合于玩游戏时间较长的人。<br />还有，我那个零细胞时不小心把那个国王给弄死了，能不能复活一下,2,2025-03-22 15:57,OPPO A32中国版
430986425,杯中倒满无情酒,5,玩了三天了，还不错，推荐，可能是一直没允许应用权限显示零分钟😂,,2025-03-22 15:00,Vivo IQOO 13
466397058,彪悍的对手,3,怎么查看成就b战也看不了啊,,2025-03-22 04:37,一加手机Ace 5
487698064,Synthesis,1,这bug太影响体验了，一捡东西就报错。几年的老bug也不见修,4,2025-03-21 16:36,Redmi  K70 Pro
341144446,皓俊,5,什么都很好玩，就是皮肤这个贴图总是错误，什么时候能修呀？,1,2025-03-20 21:19,一加手机13
649028798,墨清,4,我现在只想知道购买本体和dlc之后还会出什么乱子吗？比方说过段时间不登录白充钱或者是售后不完善之类的，之前白充钱的哥们最终解决了吗？,,2025-03-19 23:50,Vivo V2220A
540234962,嘟嘟,1,游戏账号官方自动给我回收了😤，现在怎么找都找不到。,3,2025-03-19 16:57,红米 K70
534126950,啊这边,5,感觉我像个需要辅助模式的残疾人😵,1,2025-03-19 15:50,OPPO PHM110
127231534,绘梦,3,这是啥意思？替换个装备就出来了……,,2025-03-19 08:56,小米 15 Pro
558057707,墨衣,1,一直卡加载几个意思呢，之前玩的好好，到了难度四直接崩了是吧，优化这么差,,2025-03-18 20:36,Vivo IQOO Z9 Turbo
675930969,塔塔开！,4,都很好，但是为什么换了手机之后存档就没了？😭,,2025-03-18 19:35,未提供
454983497,休闲,5,我就恶魔城的没买剩下的都买了25块钱可到,,2025-03-18 15:38,Vivo IQOO Neo9
643858969,。,1,这是什么意思😓,1,2025-03-18 15:01,华为MGA-LX9
426923296,随风,5,🕹️耐玩性：有各种各式的搭配，推荐:凯旋加黑洞，白王、无瑕、王手、王后<br />😵游戏难度：一开始不开辅助模式就玩不下去，后面打久之后游戏难度一般。这里重点点名山洞蓝翅大鹏，藏骨堂剑圣，庇护所拳皇，观星台鸡哥监狱小鸟，观星台书童，银行吸金兽，灯塔船长腿怪，每个图的自爆蝙蝠，这些怪各各都是T0.5，个个都能让人心态崩溃。还有叙利亚酒厂新手不要进，不然的话会被炸飞。<br />🎮可玩性：有各种武器的搭配，总结有核爆，无伤，速通等玩法，核爆流:追求极致的伤害，代表武器:咒刃、巨镰、魔法弓、对称长枪(伤害高是高，前揺大，后摇也大)墓碑。搭配上，诅咒水瓶被诅咒者，恶魔力量，你就会发现Boss瞬秒即可。无伤:极致的跑图，代表武器:战争投枪和极速，可以跳过许多关卡和boss。还联动了许多的武器和装束<br />还有这个国王是真的屑中之屑,37,2025-03-18 01:20,小米23076RA4BC
678745452,秋天闷g瑟琳,5,整体挺好的，就是容易玩红温,,2025-03-17 22:59,U-Magic 30e
62943786,沐罪️💔,1,一坨一个小时还没玩到，就跟我卡死在加载界面。真后悔买了。,2,2025-03-16 23:51,Vivo S18
41398713,艾达华不锈钢,1,手机上跳跃好反人类啊，操作真的太恶心了，还有离开银行后面没路了，琢磨了半天去搜结果发现是bug😅,1,2025-03-16 22:17,未提供
519997717,轩,3,这是怎么回事,1,2025-03-16 20:29,Redmi Note 12 5G
517692914,1,1,我是真服了    我高一的时候玩的  然后不玩了就给删了<br />时隔三年又下了回来   然后我发现我还要重新买里面东西   我之前那个全都买过了   也是以前账号为啥还要从新买,,2025-03-16 04:01,小米Xiaomi 14 Pro
65200757,小星星,5,非常好玩的肉鸽特别是咒刃带来的那股压制力,,2025-03-16 01:40,Nubia Red Magic 8 Pro
7351871,慕羽,1,全通了DLC也全买了，玩一段时间后突然让我重新购买，存档还在，DLC全没了,1,2025-03-16 01:06,Vivo S18
654013853,陈,5,别被气死了就行，,3,2024-10-26 06:04,未提供
422862579,っ花痴心丶,1,从20年就接触的这款游戏，玩了很长时间，24下半年因为工作原因没再玩了，今天上去发现原来的账号登上去什么都没有了，已经买过的章节存档什么都没有了，有没有人知道一下这是怎么回事😭😭,,2025-03-15 12:47,iQOO Neo 5
636715817,富裕歌曲,5,这是什么情况？,,2025-03-15 10:45,OPPO PEQM00
576360926,大不列颠烤咸鱼,4,好玩，不过非常吃操作,,2025-03-14 20:12,小米23124RN87C
668639425,寻月,5,🕹️耐玩性：可以无聊时候玩玩,,2025-03-14 17:47,Vivo V1955A
438357745,薇尔莉特 • 伊芙加登,4,之前满衣服满武器，手机坏了回出厂设置重新打结果发现衣服一堆bug，四门的光辉凯旋站着不动衣服就一下有，一下消失这样重复，还有那个虫母的武士衣服站着不动没事跑起来就一下有一下消失跟那个光辉凯旋相反的bug，官方能不能修一下啊，不能游戏卖的差不多了就当甩手掌柜吧,2,2025-03-14 11:29,Blackshark SHARK KSR-A0
36681260,庭云公子,5,挺有意思的，可玩性很高，新手开始建议开辅助模式,,2025-03-14 11:28,未提供
48368559,青山,3,没换账号 云存档没了咋办啊,,2025-03-14 01:27,Honor 90 Pro
8780368,弹雨烟痕,3,手残忽入，越到后面容易把自己玩红温。,,2025-03-13 16:17,Vivo V2417A
386913079,宇恒,5,可惜了不更新了,,2025-03-13 13:03,未提供
117414048,GA-19-默,1,不推荐玩好多bug到现在都还没有修复外网那个的修复了国内就没有修复,1,2025-03-12 22:34,华为BLK-AL80
332188950,不是人,5,作为肉鸽区有名的游戏，真的是实至名归😋,,2025-03-12 19:22,未提供
606118208,霸坝,5,耐玩性较低，但是真的好玩，200多个小时后就没啥意思了，但是在解锁前的游戏中真的好玩，另外，拳王给我去死啊！！！,,2025-03-12 13:20,华为P30 Pro
676072145,awsd,5,游戏评价：游戏那叫一个好玩，就是有点虐心菜就多练<br />我就打到了2细胞（开了辅助无限条命）<br />本人的**操作：我因为内存原因直接删除了 我以为保存到这里就是云存档<br />我个**得重新来过了 要不是我重新下载了这辈子都要被蒙在鼓里今天仔细一看左上角一个云存档,1,2025-03-12 07:32,Vivo Y55s
60918916,天启燕,5,它是这个👍，让我恋恋不忘的手机游戏之一,,2021-02-03 19:46,Honor 90
99899298,随便,5,账号丢了怎么办啊😭😭,,2025-03-11 22:02,Moto XT2437-4
42060773,凉宫春日,1,新手机不配玩你家游戏？小米15和iqoo13的白色贴图bug什么时候修？,4,2025-03-11 07:32,Vivo IQOO 13
699688452,音游人,5,有哪位大佬知道这个怎么才能关闭吗？,,2025-03-10 20:57,Huawei Nova 10 SE
544803622,小柠檬,4,玩法多样，值得入手，希望尽快更新！,,2025-03-10 20:45,iPhone 6s Plus
582905856,几级,5,卖号，来个诚信一点吧，账号不知道怎么丢了，打了好长一段时间的，里面白王什么都有了，结果号没了，不想玩了，什么都买了😭,1,2025-03-10 18:49,小米24117RK2CC
498882833,天启,3,还可以,,2025-03-10 14:34,小米13
7963123,Sana,5,好游戏，比较硬核，我玩到4细胞就过不去了（因为不喜欢开自定义想做成就）；武器、道具很多样，可以有不同搭配玩法，推荐喜欢动作游戏的玩玩看，挺好玩的，游戏也一直有在更新新内容，买了不亏。,1,2025-03-10 12:44,小米Redmi K40
38466361,黑猴说话,1,国王之手放技能白屏，打击也有延迟，几年前在电脑和手机上玩都是无敌，现在bug不修我只能说是一坨😅,3,2025-03-10 11:21,小米 15 Pro
431626152,User431626152,5,🕹️耐玩性：没的玩就玩就是有亿点生硬😒所以一玩一个不知声😏,,2025-03-10 03:54,华为 nova 7 SE 5G
625280519,廾㐅乆匸,5,豪丸😋👍但是恐怖的难度😰使我的屁股燃烧😱,1,2025-03-09 23:35,Vivo IQOO Neo9 Pro
689403338,开森的小黑,5,好玩，耐玩，品质实打实，莫的话讲,1,2025-03-09 20:50,一加手机Ace竞速版
368419134,顾先生,2,怎么退款，我买的东西全没了😭,,2025-03-09 19:45,华为 nova 6 5G
680281003,尊嘟rabbi,4,还行但是不氪金玩不了，33元嗷,,2025-03-09 12:27,OPPO A3x 5G
336877983,周末.荼毒,4,很不错，很不错，我好几年前开始玩儿的，那时候还没怎么玩过游戏。感觉特别有意思，然后我把这个新出的世界宝动漫很有趣，画面很丰富，我感觉玩儿好几年都不会腻，但是每次不能玩儿太长时间，玩儿太长时间就会感觉很无聊。,,2025-03-09 10:05,Huawei Nova 10 SE
598115648,杨双印,1,我之前是用手机号注册的账号，现在自动哔哩哔哩登录，把我的账号顶了，怎么办啊,,2025-03-09 00:24,Vivo X90
106305342,LIN2026,5,现在不会报错了，但以前的时光回不来了,1,2021-09-30 21:14,红米 K40S
56783808,无疆长寿草,3,这游戏如果你有一个比较稳定的空闲时间开一把还是不错的<br />感觉打开菜鸟模式然后开启50%左右血量才是正常难度...<br />不然很多武器都是刮痧、刮痧、刮痧<br />然后就是bug，迟迟不修复，声音延迟（大概率）闪退（小概率）<br />还有就是有些金武更新后怎么反而更弱了（比如金咒刃）,3,2025-03-08 20:39,未提供
552392044,寂寞,4,Dlc全都买了之前删掉现在下回来，结果号没了😂😂😂,2,2025-03-08 16:09,荣耀 畅玩30 Plus
688639066,“孙教授”,4,好玩是好玩，这游戏不知道后续还会不会更新了，只要不更新的话就不好玩了，这个时间长也就没意思了😁,1,2025-03-07 13:51,未提供
460999869,LE,4,王座之间的白屏BUG啥时候修复啊,1,2025-03-07 11:12,Vivo IQOO 13
419010730,阿姆斯特朗,1,什么时候修bug😡😡😡,2,2025-03-06 19:51,小米24122RKC7C
676931436,花生啊花生,4,当时还没出的时候就预约了，买完之后也挺喜欢玩的，五细胞也早就通关了，唯一的缺点就是不更新了,1,2025-03-06 13:16,iPhone 14 Pro Max
360889928,忍,4,可能我不太适合，玩了一段时间之后，感觉有点腻了，杀来杀去，只有这一些,,2025-03-06 09:06,Vivo V2343A
60629546,鱼肉,1,我说我怎么找不到号，原来是让阿姨删了😅,2,2025-03-05 23:30,Vivo IQOO Neo6 SE
629134071,无,4,为什么会不兼容啊？,,2025-03-05 20:22,未提供
580383558,尘浊,1,声音延迟巨难受,3,2025-03-05 17:09,Redmi K60
407321048,q3549599448,1,我之前全买过了，今天下回来又要重新买，那之前我白花了呗，Dlc我全买了，现在又要买我真服了,8,2025-03-05 10:21,Vivo V2136A
18872514,某（浪）,4,买了绝对不亏，可以说是手机游戏中的天花板之一，唯一的缺点就是一个人玩太孤独了，要是能联机两个人或者三个人一起闯关就好了。<br />正常打不过还可以开菜鸟模式，但是不介意开，开了就没意思了，从一细胞打到五细胞需要很久的，推荐使用螳螂镰刀，那个东西回血猛左右换着打伤害高，属于莽夫之友，<br />技术流可以用诅咒之刃，那玩意伤害高，缺点就是受到伤害直接嗝屁，不是高高高手别玩，<br />其他武器好多也是非常有特色的，但是一个人玩没意思，要是几个人一起玩，每个人武器都不一样打起来那才是爽。<br />不求了，几年了我又回来了，加个宠物就行了，一个人真的孤独,63,2024-02-05 02:59,华为Honor Magic 2
700297221,那年之蝉,4,不是我就想问问就是没有一个固定摇杆吗别的都很好但是就是固定摇杆没有这个问题我感觉很麻烦每次操作的时候都要凭感觉来找而且那个而且那个摇杆还巨小走着走着只要手指稍微动一下就往下蹲了很麻烦的。,,2025-03-04 10:11,未提供
126579643,User126579643,5,我是2021年暑假玩的当这游戏还叫死亡细胞后面，不识时英给删了😅,,2025-03-03 21:29,未提供
69632974,走兔,5,从钟楼怎么去恶魔城？,,2025-03-03 18:34,Redmi Note 12 Pro
39403837,小艺解说,1,声音呀有延迟官方难受很呀😣，声音bug能不能改一改呀这么久了还不改，把声音改了之前都不推荐买,7,2024-04-11 21:28,小米24117RK2CC
425507663,忘川名流,5,还是那句话，对于新手来说可能还是有些难，因为我当时玩的时候也是这样，但是习惯一段时间之后就行了，还是非常推荐玩的里面的武器种类非常的多，还有皮肤什么的这游戏也不需要什么pvp呀什么的，你玩着玩着直接退也没关系但是有一点得保存文档，要不然你就得重新开始玩我之前没换手机的时候，那个号解锁了大半多的东西，换完手机之后框的一下子都没了可给我难受了一段时间😠✋🏼,1,2025-03-02 17:42,Vivo S18
57946074,心~酸,4,小米更新系统之后进不去啊，怎么进都闪退,,2025-03-02 12:00,小米24117RK2CC
397146908,无敌の鸭鸭,5,神作<br />但是<br />为何抛弃?<br />祝新游卖的惨淡🙃,6,2025-03-02 10:12,一加手机Ace 3V
475060252,真的爱你,1,谁能告诉我一下，打了第一个普通模式之后，连续打了普通一遍，困难一遍均是在最后这个地方出不去,,2025-03-02 07:26,Vivo X80
631349623,宝宝,5,好玩归好玩但这是什么情况又要重新买???,3,2025-03-02 04:57,未提供
13308149,Sarsaparilla,1,5星的游戏，2d动作rogue神作，-4星恶性bug，运营自己试试画面全白过一遍五细胞王手，能过我就加回五星,2,2025-03-01 22:28,Vivo IQOO 13
370627002,得了,5,今天几点更新,,2025-03-01 10:35,未提供
430917764,苦苦菊,5,这款游戏难度很高，这是打击感很不错,1,2025-03-01 08:25,华为Nova 3e
123993637,User123993637,5,请问我的闪避键在哪里（刚玩找不到）,1,2025-03-01 00:19,未提供
64427458,！,1,搞笑，玩了那么久，卸载之后存档全没了,,2025-02-27 20:42,Realme GT Neo2 5G
406617736,User406617736,5,很好玩很好的一款电脑移植游戏，内部的dlc扩展包满配只需要40多，40多就能买一个游戏，这还要什么自行车呀？而且购买dlc扩展包之后，里面的武器皮肤都是靠自己解锁，并不需要额外的花钱，里面难度，比较高但是有辅助模式，适合一些新手，然后这款游戏的打击感手感音效那些做的都挺好的,,2025-02-27 01:21,OPPO PEMM20
432034213,宇智波小斑斑,5,666重新购买。多花了30块。,2,2025-02-26 21:20,Vivo IQOO Z9
11350133,清望,4,这游戏可玩性高，武器好用通关成就感拉满<br />陷阱也是真的狗，之前玩的时候要38块才能解锁后续关卡，玩的也是真的开心,,2025-02-26 15:41,未提供
669219243,你有事吗,5,好玩，但上手难,,2025-02-25 20:55,华为 Mate 30
29946103,蓝,3,以前玩过的就不谈了，年前下回来的，发现变成B站渠道的了，玩就玩吧，加载太慢打到国王之手那关的话人家放技能直接能出来一堆空白背景的bug，然后从拿到第一个细胞开始打王手通关的话直接不算通关了，那个交互的壶点不了一直到刚才拿到5细胞都没用，只能去自己碰刺重生然后细胞难度能拿到手细胞拿不到，至于觉得难玩的选手这边建议你把重弩解锁了然后就很容易拿到5细胞了，现在我就想知道这个破bug能不能修😤😤,,2025-02-25 19:31,Vivo IQOO 13
604623338,银凡栗桐,1,23号买的，25号还要再买一遍😡,,2025-02-25 19:14,荣耀畅玩 20
676911503,随,4,那是23年，我刚接触到这个游戏，当时觉得什么手机游戏能要我花钱购买，然后我就买了几个DLC，地牢肉鸽风格的打斗游戏，打击手感不错，当天下载我就买完了所有的DLC，那两天一直就是在玩，一口气打到了4细胞。不过一直玩这个游戏，加上这游戏一死就重头再来的设定让我越来越不想玩这个游戏，总的来说，耐玩，游戏画面精良，打击感很好，就是易红温😤,100,2025-02-25 10:04,Redmi K60 Pro
705115708,(ฅಥωಥ*ฅ),1,下回来号没了，还要重新在买一边，那我之前的钱白花了？？,,2025-02-25 00:10,Vivo V2353A
83859037,手机用户83859037,4,能用手机手柄玩吗，谁用过？,,2025-02-24 15:02,小米 15 Pro
605593892,影子 sato,1,真服了，刚下就被卡在界面，建议哔哩哔哩多整几个国家把西班牙也整进去，不然根本玩不了,,2025-02-23 22:03,Honor 60 SE
424053181,摘星.,4,😵游戏难度:不开辅助模式的话很难（想无伤的）,1,2025-02-23 04:25,未提供
696614758,Κρήσταλλος,5,是个好游戏，但是不更新了😭😭😭,2,2025-02-23 01:05,OPPO Reno标准版
477540460,三菜汤,5,我拿雷电模拟器玩的，然后弹出这个，就玩不了😭😭<br />有没有大佬帮忙看看是咋回事的🙏🙏,1,2025-02-23 00:06,Vivo V1923A
431761760,ink,5,特别好玩，又肝又吃操作，很耐玩,2,2025-02-22 23:32,未提供
400422835,漆黑的暗之骑士,5,第一次打完德古拉以后重新进去就报错,,2025-02-22 23:31,荣耀 X30
524074274,fhxyk,4,游戏不贵，但很耐玩,,2025-02-21 22:48,Realme真我GT NEO 3 150W
687022922,东南西北风,5,长的好玩啊，玩久了就觉得挺简单的,1,2025-02-21 21:39,华为畅享9
688426101,不想努力,1,没别的，除了操作难度高，别的都行,,2025-02-21 16:45,OPPO PEXM00
371076813,獨角戲,3,乱码解决了吗,,2025-02-21 00:59,Vivo X200 Pro Mini
687064174,加速核,5,通关一次，解锁一细胞，重评一下<br />新手操作有点不好，但适应半个小时就上手了，一小时后基本完全上手，但上手容易不代表游戏简单，这游戏出了名的硬核，王手存了三次档苟过（或者试试辅助模式，当宝宝，只开回档是我最后的倔强），好玩，很上瘾，周末全在玩这个，由于是主玩回合制、沙盒来的，手残，之前接触的动作手游只有忍3（肝不动退了，一两年没玩了）、绝区零、超跑（不如3），绝区零会卡无敌帧后膨胀了（虽然困难还是难），手痒，就来了，变成勾了，回绝区不会卡无敌帧了。。。<br />🎲随机性设计：<br />地图都一样，但地型没见过重复的<br />武器几百种，但是要自己解锁<br />随机性还是强的<br />🕹️耐玩性：<br />上白种武器，多种变异，技能<br />都要自己解锁，耐玩性还是很不错的<br />😵游戏难度：<br />硬核，难，出了名的，零细胞勉强还好。<br />🥊打击感：<br />不必说<br />🌃画面音乐：<br />更不必说,28,2025-02-08 20:41,OPPO A56 5G
385846316,zz渣,5,真的好玩的魂类游戏,,2025-02-20 18:42,vivo Y7s
58879886,手机用户58879886,1,B站吃相太难看了，这游戏发行我就开始玩，DLC也是一直买，一段时间不玩重新下载居然要我重新买，大家别玩了，B站这是准备停止运营开始圈钱了,6,2025-02-19 21:35,Redmi Note 11T Pro
490244565,淘小歌,3,都挺好 就是你王手那里boss房的闪光bug什么时候修？？？,4,2025-02-18 15:23,HONOR PTP-AN00
431034796,993,4,好玩，扣一星按键什么时候优化？,9,2023-07-23 12:11,荣耀 X30
586788538,锡贰,5,还可以，但手机上的手感有点差，建议玩电脑版,2,2025-02-17 02:29,Vivo IQOO Z8x
680542097,—PARADISE—,4,快修ios闪退 进不去了都,1,2025-02-16 15:49,iPad (9th generation)
580251906,夏夏,5,游戏不必多说，百分百的良心好游戏，银河恶魔城的神作，但是有个那个城堡里的BOSS太难打了吧，有足足三个形态，我就二血瓶，完全打不赢啊，有大佬出教程吗？,,2025-02-15 23:26,HONOR JDY-AN00
586376895,卡拉胶,3,本来要买了，这方向键老是让我下蹲，算了😂还是继续玩混沌效应吧,7,2025-02-15 17:53,小米Mi 11
41838386,呵呵哒,4,听说优化有问题，之前b站看才7分，tap打分宽容点，操作感觉不流畅，手机上玩难度比较高，不推荐在手机上玩,1,2024-03-16 07:41,未提供
443202268,。。。。,5,这是咋回事,,2025-02-15 00:17,Redmi Note 11E
564388589,luoqilq2,5,懒得喷，自己下载再买完dlc就明白了<br />有这个💰我为什么不买pc端🤏,1,2025-02-14 15:29,Hongxiangyuan 20200808A1
346819059,jsdhwamaS,5,这款游戏已经玩了100多个小时了，总体来说很不错的一个游戏，答案经常会出现服务器崩盘的问题，而且轮盘有些不灵敏，pc转手游的老问题了，主要是这家公司现在不对细胞继续更新了，很烦,,2025-02-14 09:35,未提供
644310479,奈奈,5,非常值得体验<br />重生细胞现在停更我其实觉得非常可惜，为什么呢？因为这是一款几乎能称之为史无前例的神作。<br />😵游戏难度：对新手来说是有点高的，但是只要花点时间弄清楚每种怪物和boss的应对方式，就会很轻松。<br />🎲随机性设计：较为随机，地图路线是完全随机的，但是会固定刷新那几个房间<br />🥊打击感：很不错，不同的武器有不同的手感，每种都很不错<br />⚖️平衡性：还可以了，除非你给武器整到XV，否则还是很平衡的<br />🎮可玩性：很高，武器，怪物，特效，变异，效果，流派一大堆<br />🌃画面音乐：相当好，几乎能当做像素游戏的典范之作<br />✍🏻建议：其实也没什么能写的因为这款神作已经停更了，个人觉得非常可惜😁,62,2025-02-14 09:28,华为 MatePad 11
19182028,北极星•木星L76,5,🎲随机性设计：不知道,2,2023-10-20 04:38,Vivo V2023EA
319791999,User319791999,2,音效bug还没有修复，，，，,7,2024-12-19 10:19,Redmi K70 Ultra
429912931,困告.,5,好后悔当时删了一次什么东西都没了存档也全没了马上全收集了但是全没了😭😭😭这个的确是我的号虽然这个图看起来有些爆浆但这是之前很久的图了,1,2025-02-13 20:13,华为Mate 20
703461123,畢傳齊゛ঞ,3,手残党没办法继续，太坐牢,,2025-02-13 19:39,Huawei Mate 60 Pro
318453342,鑫,1,恶心啊，下回来什么都没了，游戏都要重新买，我去你的吧,4,2025-02-12 13:16,未提供
61769568,陌子沫,4,游戏很好，但是手机操作比较难，摸不到按键,,2025-02-12 12:06,iPhone 15 Pro Max
583243165,0,4,这是什么情况,,2025-02-12 11:02,华为 荣耀30 Pro 5G
636980910,otto,3,优化一辈子不做，断更后等着下辈子做优化吧,3,2025-02-12 10:41,iPad (8th generation)
366272678,龙暮云尘,5,持久耐玩丰富的游戏内容，打击感不错，剧情纯纯自己慢慢拼凑，有多种游戏玩法和一堆模组，模组要么电脑端要么Q群要，如果感觉打累了可以试着速通,,2025-02-11 21:58,未提供
49326496,皮卡丘,5,能不能优化一下啊，OPPO A32加载二十多秒,1,2025-02-11 21:16,OPPO A32中国版
541654241,黑洞,4,王者还可以吧,,2025-02-11 18:45,Oppo A58
577239353,R&B何,2,隔了断时间没玩，就要重新购买了，这是为什么,3,2025-02-11 18:31,未提供
497631872,古月方源,4,我记得这个后期是要钱解锁新的还是怎么的来着？有没有人帮我解答？,,2025-02-11 17:48,未提供
400075133,广井菊里,1,不是哥你tap版呢，好久之前买的一下回来直接号都没了，直接变b站版了，那我之前的钱白花了？,1,2025-02-11 17:39,华为LEM-AL00
447201217,搞什么啊？,5,挺垃圾的手游，操作感觉有点不流畅😓😓,,2025-02-11 07:48,一加手机Ace 5
660074045,sans,5,很好的一款游戏，让我更深刻的了解到了存档的重要性,,2025-02-11 04:18,OPPO A2x 5G
702035483,鵬,4,对于闯关爱好者来说很不错了,,2025-02-10 23:31,Vivo V2130A
698074568,西楚项宇,4,唔…我花15块买的，但机子太烂，进不去,,2025-02-10 18:43,iPad (6th generation)
703272357,hi,4,可以玩光明旅者（固化光剑,,2025-02-10 12:33,华为SEA-AL00
678248316,无上存在,5,好玩，魂类游戏,1,2025-02-09 22:46,HONOR 200 Pro
694431231,远距离.,5,电脑上几百个小时你就玩吧,,2025-02-09 20:49,Redmi K70 Ultra
109925900,想要内测资格,1,不是那我之前的18块钱白买了？,1,2025-02-09 17:37,Vivo Y55t
366429164,User366429164,5,🕹️耐玩性：是真的耐玩，地图，剧情啥的<br />我有两个手机都有这个，可惜的是不能同步存档，虽然自己手残，经常红温，但我还是通过自己的努力通关了5细胞难度，从中成长不少，特别有成就感,,2025-02-09 14:26,Vivo X100s
109665508,伏拉夫在线吃小孩火锅,4,为啥玩着玩着就变这样了？,,2025-02-09 12:55,未提供
444918296,6497,5,说实话感觉是挺难的打了有一会才到3细胞，尤其是1细胞的时候没寄生国王，而是直接给他杀了[自己杀自己],1,2025-02-09 12:10,Honor Pad 7
683674989,HAAVK,5,🕹️耐玩性：<br />至少通关十几次才算玩透了<br />🎲随机性设计：<br />每一次复活进入的关卡都不同<br />😵游戏难度：<br />易卡关，我现在卡在三细胞了,1,2025-02-09 10:27,未提供
50677386,老人,5,打王手的时候为什么背景会逐渐变白消失又变白蔓延的那种，这是怎么回事，没设置好吗，手机1+13应该没问题吧，还是什么原因啊，打的时候看不清,1,2025-02-09 06:35,一加手机13
520046468,666,5,好玩到爆 手残建议多练,,2025-02-08 21:08,Realme GT Neo2 5G
475618798,我不爱嘻嘻,5,全物品白王，两个号加一起玩了几百小时吧，还是很值得玩的，新手会感觉很难，并且武器种类很少，但是熬过前面的新手阶段，武器种类多了就好了，操作手机也很流畅的，除了盾突有点别扭，并没有什么操作是很别扭的，对于玩了几个小时连白给者都打不过的萌新有两个建议:第一个，菜就多练练，多熟悉一下基础的操作，翻滚盾反搞明白；第二个，实在打不过可以开游戏的辅助模式，可以帮你熟悉游戏，先体会到游戏的乐趣，再加大难度挑战自己,23,2025-02-08 16:39,Redmi Note 12T Pro
458066741,弦月,5,这打击感是真的爽还是18年的,,2025-02-08 10:28,Vivo V2057A
394602452,嬴赢,1,XBOX手柄有线连接后按键是错位的，我还专门到测过自己的手柄发现没有问题，DLC更新之前玩也不会错位啊！垃圾,2,2025-02-08 02:43,Nubia NX712J
658536395,wxhn,5,是不错的<br />但是主角人渣国王确实有点难绷住,,2025-02-07 23:37,荣耀9X Pro
422967312,霸气灬小软软,3,这个是哔站登录的哇 我的进去 之前付费的还有云存档怎么都没了,,2025-02-07 20:40,Vivo IQOO Neo9
345961484,没有钱,4,为什么之前买过但现在没了？,,2025-02-07 16:40,华为 nova7 SE
44330828,田金金,5,好玩，就是有点难,,2025-02-06 21:47,Vivo V1962A
676402646,g,5,太好玩啦<br />在辅助模式出现后基本上就没有难度了，新手可以放心大胆的入坑,1,2025-02-06 21:20,未提供
413189306,伴明,1,以后再也不买b站游戏了，五细胞白王365天没打号给我删了，白花三十多块钱，白费我那么多精力，号没了人都麻了，问官方也没辙,17,2025-02-06 15:31,Redmi Note 12 Turbo
392890918,Franconia,1,之前买了现在还要买？？这么神人的？,5,2025-02-06 05:43,未提供
528361412,E se,1,之前都买过了现在下回来怎么还让再买一次？这么黑？,2,2025-02-05 22:35,未提供
700648287,小安,5,😵游戏难度：<br />很高难度但是只要熟悉对手的攻击方式就非常好躲开（怪物攻击方式单调）<br />🕹️耐玩性：<br />很多个地图，五个游戏难度，非常耐玩,,2025-02-05 17:47,OPPO A7x中国版
364042653,夏可阳,3,本来换手机挺开心，结果从一开始的旧手机存档，存档在云端的5细胞卡没了给我搞重头开始是什么意思呢？,,2025-02-05 17:28,未提供
433817756,W. L.,4,救命，很好玩的一款游戏，但是换了手机后再用taptap下载就变成新号了，之前辛苦打的存档还有花钱买的地图都没了，但是之前手机上号还是好好的。实在是有点不想重新开始，有人知道这种情况怎么解决吗😭,,2025-02-05 15:53,华为Pura70pro
368535075,请输入昵称,4,游戏挺好的，就是像素风不太喜欢,2,2025-02-05 15:26,Redmi K70 Ultra
356862487,谢慧然,1,一直进不去游戏有事能进进去刚打怪就卡退，没法玩,,2025-02-05 11:44,iPhone 8 Plus
25202849,球疼,2,从恶魔城dlc出到现在2年了，恶魔城bgm消失还没修复，真是绝了这制作组,,2025-02-05 02:21,iPhone 16 Pro Max
468310780,夏之秋书,5,旧手机应用商店买过当时已经是千场白王了，玩的太多次终究会腻的，但不影响是一款不错的游戏。最喜欢用突击盾的bug玩，也算是一段不错的回忆。,,2025-02-04 17:43,Vivo IQOO Z9
680902750,散兵,1,给我33块钱吞了,8,2025-02-04 14:22,Vivo V2057A
459717225,似水无痕,1,恶性bug多  还一直不修,3,2025-02-04 11:19,Vivo X100 Pro
519579690,TOMATO,5,特殊的复活机制，每次重生的玩家都会比上次更强，打击感也是没的说，甚至还可以自己探索剧情，非常值得入手的一款肉鸽游戏,1,2025-02-04 08:50,一加手机12
46926305,加勒比海鲜,1,各位，如果看到这条评论，就暂时别下这个游戏了，bug很多，自从坏种更新后乱码就开始了，只不过还没那么严重，之后的致命坠落乱码就明显了，前两次更新的乱码我都忍了，昨晚重进了三遍，乱码了三遍，这是什么勒涩游戏？DLC我进游戏第一时间就买了，我花钱买bug？我手机虽然说不算好，但也不差吧，总之没玩过这游戏的看到这条评论就可以得到答案了，如果想玩bug的话倒是可以买，想玩游戏？请三思😅😅😅<br />2022.6.12<br />隔了一段时间再玩，神庙依旧乱码，我没拿超级变异也会这样，什么拉基玩意儿😅😅😅😅😅<br />2023.9.24<br />我的存档按钮没了，下载的最新版，导致我的存档无法上传到云存档，导致换了新手机，无法把存档下载到新手机那边去，太垃圾了，太垃圾了，找官方反馈了，却装死不回复<br />2024.12.21<br />游戏也是终于更新了，快端上来罢😁，不知道这个版本乱码多不多。<br />我回来了，这次的更新流畅度不如以前，游戏音效会重复播放一次，比如我暴击一次的声音会多播放一次，包括卖东西吃东西那些，还有就是细胞门音乐会中断，目前也就遇到这些。<br />2025.2.3退坑去玩星界战士了,121,2022-04-09 09:35,一加 Ace 2 pro
470749693,6,4,为什么打到1细胞的boos打完之后，找不到出口了？,1,2025-02-03 17:24,OPPO A56 5G
445533173,七枫,5,神作无需多言,2,2025-02-03 14:49,小米24069RA21C
519120159,爱吃食的丢丢,2,号没了，白花钱,2,2025-02-03 14:07,小米2411DRN47C
505853976,呸呸呸,1,方向键坑的要命，几年了还不改,,2025-02-03 01:50,Redmi K60 Pro
357093990,权志龙的烟,4,我是春节买的，因为有福利，本体18元，另外三个也是18，玩到第二天就出现了弹窗，求大神教导一下,,2025-02-02 22:16,未提供
530129140,枫,5,今年过年买的完整版，算是送给以前那个在牢房里逛了几十遍的自己，虽然玩的可能是有点菜，打两天最高也只到了钟楼，但这个游戏给以前的我的触动还是很深的，以前买不起只能看主播玩，那时候肉鸽的玩法对于一个初中生的吸引力是很大的，只不过自己下了之后发现买不起，但是游戏的玩法和收集性确实是算同类游戏中的佼佼者，即便是移植手游打击感也没得说，游戏里还有很多稀奇古怪的彩蛋，总得来说如果经济能力支持的话，还是比较推荐买的,39,2025-02-02 20:38,Vivo IQOO Neo8
318044309,辰·玥,5,很喜欢，但是……没钱 o(╥﹏╥)o,,2025-02-02 17:55,VIIPOO 202101
34462659,?,2,bug多，代理不管事，优化差,,2025-02-02 17:35,未提供
68040825,手机用户68040825,5,好久没玩了，打开游戏一看天塌了，账号没了，忠告还在玩的朋友，一定要随时上转云端,,2025-02-02 17:18,Redmi K70 Ultra
673233789,风华无双,5,😵游戏难度：<br />对于一开始的新手而言，可以说是非常的困难，但是死个几百次，手感上来了之后，感觉还是挺简单的<br />🥊打击感：<br />神!没得说，即使是手机上 打击感也是非常的不错的<br />🕹️耐玩性：<br />武器非常的多样，怪物也有自己的特色，连续玩十几个小时也不会感到腻<br />✍🏻建议：<br />希望有生之年还能看到新的dlc（八成是不会有了）,65,2025-02-01 15:06,未提供
327085046,一月份的橘子,5,额…我想问一下死亡细胞的官方是不打算更新了吗？我见有好多玩家是再也见不到新的DLC了，为什么？求大佬,1,2025-02-01 22:16,Tianyi TYH632M
698689020,sskk,4,为什么我在vivo手机上的号到了oppo平板这就变成新号了？都是同一个b站账号,,2025-02-01 21:45,OPPO Pad
701419262,awa,5,游戏非常好玩，打击手感特别舒服。,,2025-02-01 19:44,未提供
582928998,Kyu,5,完美的肉鸽游戏体验，打击感十足，boss花样多，就是难度有点大得练习，整个寒假拿了白王，满分,,2025-02-01 19:38,Redmi Note 11T Pro
690586438,一個水桶,5,呃，我之前一开始接触过这个游戏，不过当时因为后面要付费，我没有玩了然后现在我依旧没有给付费部分充钱因为还没有玩到,,2025-02-01 18:47,Vivo IQOO Neo8
386046667,HHY,1,游戏是好游戏，前几个月刚买，觉得太难删掉了 ，又下回来一打开游戏就闪退，游戏运营真的太差了,,2025-02-01 15:30,Xiaomi Redmi 10A
104970716,诶嘿,3,为什么更完进不去了，卡在加载界面了→_→<br />————————————————————还是进不去，啊啊啊啊啊啊啊！我的存档啊！<br />————————————————————<br />更新完我的老存档可以进去了，哈哈哈哈哈哈哈哈哈，终于不用每次更新都要重新开一个存档，刷熔炉累死了<br />但是我连跳呢，我的长按连跳怎么蹦不起来了？现在爬根铁链都费劲,3,2023-07-10 20:35,华为 荣耀30 青春版
499740083,Aiswryyyyyy~,3,好玩是好玩，打到5细胞之后，不想打了，卸了，再下就二次付费，这有点难绷,,2025-01-31 23:00,iPhone 8 Plus
611616515,先辈,5,没什么好说的，如果无聊的话推荐买来玩。<br />游戏性放在今天也是无与伦比的😄👍,,2025-01-31 22:25,未提供
573293654,依兰,4,除了完整版要付费其他都不错，也不知道是不是手机问题，帧率一直在30多帧这样的,,2025-01-31 22:12,Oppo A58
603011436,ding,1,我的号呢???我用taptap买的，为什么没有帐号登录方式？,,2025-01-31 19:19,Vivo Y78+
389111971,我,5,五细胞之后不开复活存档和辅助模式的是这个,1,2025-01-31 18:01,Honor Play 5
602337488,尘埃狗球ut,5,难度极高，不把敌人血量拉低，自己伤害拉高根本玩不了，因此就那么几个地图都能让你玩一年，然后就是类似于紫手套事件，刚全款买完之后就四周年半价了,2,2025-01-31 17:43,小米Redmi Note 7 Pro
496432294,李佳昊,5,😵游戏<br />😵游戏难度：<br />复活之后装备全没 而且还不能原地复活,,2025-01-31 14:43,OPPO A9中国版
21556362,夜陨丶,2,游戏是好游戏，运营真恶心，这游戏出了这么久还是没解决掉帧的问题，这游戏想玩好的关键就是弹反，频繁的掉帧导致弹反经常失败，玩不了一点，有条件的还是建议玩pc的,2,2025-01-31 14:23,Vivo IQOO Neo9
424875563,qqqqqq,5,今天下午就决定买下这款游戏了，有没有什么注意事项能跟我说一下吗？在线等,,2025-01-31 11:06,OPPO A5
672192838,莅,5,😵游戏难度：<br />新手建议开辅助模式<br />确实好玩 不过现在不想玩了 账号也被我抛弃了,1,2024-12-21 18:18,未提供
477417738,dbs,5,发布这条评论的时间是 2025.1.30 晚 11:30<br />今天下午我就一直遇到游戏不断闪退，情况是进游戏没问题，但是一玩普通和自定都会卡住或闪退（闪退居多）每日挑战没问题可以玩<br />因为是新号 0 细胞时没有问题，但是拿到 1 细胞就开始上述问题<br />我是 ipad 设备（用的安卓机发的评论）<br />有没有大佬帮帮忙<br />😭😭😭😭😭😭😭😭😭😭😭😭😭😭😭😭😭😭<br />🕹️耐玩性：6<br />🎲随机性设计：6<br />6<br />😵游戏难度：6<br />🥊打击感：1<br />⚖️平衡性：1<br />🎮可玩性：1,,2025-01-30 23:36,小米22120RN86C
439375272,莫询,3,声音bug什么时候修？,,2025-01-30 22:58,vivo X23
31089842,疯狂叶影,2,这时不时就卡一下，尤其是敌人攻击之前也要卡一下，这游戏要求配置要很高么？,,2025-01-30 11:57,三星Galaxy S24
575395124,浅巷,5,真的蛮好玩的，其实是在打不过可以调整难度。不过这款rouge游戏就没那么有意思了。武器方面新手带一些攻击距离远的，进展容易死😂,,2025-01-30 10:18,华为BLK-AL80
415063227,天高云淡苍溪流,5,pc端还原得挺不错，开启辅助模式后，玩起来很解压，不像之前pc端玩起来那么糟心。操作手感也还好。（之前不知道能固定摇杆，本来是想来喷操作是一坨来着😅）,,2025-01-30 09:33,Vivo V2417A
416024536,安仔过客,5,不亏是肉鸽之王，觉得难度大还有宝宝模式,,2025-01-29 13:20,Vivo IQOO Neo9
431535143,:P,2,为什么我26号买的本体没有减半价,,2025-01-29 13:03,Redmi Note 12T Pro
700693167,Episode 33,4,这该怎么搞,,2025-01-28 23:24,华为HONOR View20
672938696,遥153567128,5,游戏是很不错，但是bug太多了。几百年都不修死神直接全黑了。,,2025-01-28 23:08,Honor X50 
636158864,伪善者,5,前面死过几次后手感上来了，第一次打通国王之手，发现冰冻真的很好用。有些精英怪的范围攻击很难躲，特别是一头扎进怪堆里，身上还挂这个诅咒，还没有什么对群的攻击手段，直接青春大爆炸。但是坚持下来，熟悉怪物攻击套路，还是很舒服的，非常的好玩，后面的BOSS细胞难度我也会慢慢去尝试的，有没有什么大佬给些建议啥的🙂🙂🙂,32,2025-01-28 19:29,红米Note 8 Pro
42216301,尘氵,3,按键一坨屎,9,2025-01-05 18:15,iQOO Neo 5
533115270,，,5,以前没钱到网上找破解版，虽然玩的很爽，但我真的特别后悔，不该玩盗版游戏。我明白这伤害了那些辛苦开发游戏的人。我为自己的无知和自私感到羞愧，也向所有受影响的人道歉。我以后一定支持正版，不再犯这样的错误。（但现在还是没有买）,1,2025-01-27 21:32,Vivo Y36s
594761657,hhhh咿咿呀呀,3,更新把一些有可玩度的bug给修复了。比如，飞雷神……,3,2025-01-27 19:49,未提供
591963563,DDD,5,游戏可玩性很高，就是新DLC的死神Boss建议加强，感觉好弱，技能太单一并且攻击频率太低，打起来没啥游戏体验。,,2025-01-27 18:56,CMDC SP100
373241551,✎ℳ眼眸里的温柔☆,3,游戏挺好玩的，但是最近我的皮肤为什么一直闪，快修复😠,1,2025-01-27 18:08,未提供
436178844,雾,5,除了要付钱别的无可挑剔,3,2025-01-27 13:04,Honor X50 
585674609,染,5,可玩度还是非常可以的，在银河类肉鸽游戏里死亡细胞是数一数二的。强力推荐,,2025-01-27 12:08,Vivo IQOO Neo9S Pro
492216458,拂尘看星河,5,我真的挺服，几天没打细胞，更新之后给我恶魔城DLC的收集全搞没了，还得重新打，我几个赶也禁不住这样霍霍啊😅😅,2,2025-01-27 08:27,Vivo IQOO Neo9
446760748,神,4,中规中矩拿了光辉凯旋就没啥能玩的了,,2025-01-26 21:38,Realme真我GT NEO 3 150W
446512612,卡卡卡卡卡卡,1,这是什么鬼bug？,4,2025-01-16 15:21,未提供
546453193,卧薪尝胆三千,1,我之前买了这个游戏的，我都有白王这个皮肤，只是手机一直在老师那里，现在登录，我居然说我还需要重新购买。,7,2025-01-26 00:27,未提供
541248579,hideworld,5,有没有有钱的可以给我买一个🌚,,2025-01-25 11:59,Vivo IQOO Z9
586510052,笙歌,5,我看那个特卖还以为是新出的地图呢😓,,2025-01-24 22:02,Vivo V2054A
682487038,王梓翔爸爸,5,挺好的才15元子,,2025-01-24 20:10,华为GFY-AL00
644448355,偷莫零企鹅形态,4,很不错的游戏，就是没玩懂,,2025-01-24 15:45,OPPO A32中国版
96823277,小斗本,4,现在这游戏多少钱,,2025-01-24 11:39,OPPO A2 5G
2337575,？？？,5,好好的电脑版放着不玩玩手机版，我是**,3,2021-03-15 15:53,努比亚 Z20
698670027,αs1eepH,4,有没有大佬能帮忙解释一下为啥服装成这样了，看的很难受😭,1,2025-01-23 23:50,华为 nova 6 SE
33862715,小龙龙,5,好玩，但不过我技术太菜了,,2025-01-23 19:40,华为畅享10 Plus
414034380,"     ...,......",5,四周年游戏本体降价50%，本人操作稀烂，建议购买吗,1,2025-01-23 17:59,华为平板M5 青春版
389003965,菜刀砍火车,5,最为一款肉鸽老牌游戏来说，经典永远都是经典，就跟杀戮尖塔一样,1,2025-01-23 16:55,Lenovo Legion Y700
422930816,劫匪,5,求求你了，不要再背刺我了!,1,2022-02-20 10:12,未提供
648679277,困困包,5,无伤是不可能无伤的，这辈子都不可能无伤,1,2025-01-23 10:31,iPhone 12 mini
594421185,哈哈哈,5,好玩，一开始玩很难，后来慢慢的好了一点，但是报了一个你想要很久的图纸但是死了真的难受，我原价买的为什么现在限时50％啊,2,2025-01-23 09:32,OPPO R11s
458316141,逍遥垃圾,5,很好玩的游戏，手残党慎入，我一个菜批靠着3.5更新的几个变异叠诅咒才通关5细胞😋,,2025-01-23 00:15,未提供
569274365,没有续篇的诗,5,没上传云端删游戏天都塌了😭,,2025-01-22 21:01,未提供
520031392,。,4,不错，但有些考验耐心，上手难度颇高，后期收集装备非常的舒服，实在打不过了，可以开辅助模式。,,2025-01-22 20:04,华为HONOR View20
74722475,手机用户74722475,1,6<br />本体加一路向海都拿下了<br />一更3.5你告诉我什么都没了？<br />直接卡死在游戏界面<br />一点就闪退<br />换了设备还是不行,2,2025-01-22 19:58,iPad (9th generation)
420246044,青岛的,4,这什么情况,,2025-01-22 12:20,华为Honor 9
471349126,经典卡组,4,这游戏打到细胞二一直上不去啊，有没有哪位大佬推荐一下用哪种武器好，回档了好几次都过不了，好难受。😫,,2025-01-22 10:32,OPPO Reno10 5G
528434021,空元,4,一打人会先顿一下怎么办,,2025-01-22 05:58,未提供
672260449,宇宇,5,很爽爆率真的很高,,2025-01-22 02:32,Redmi Note 12 5G
66079993,已经燃尽了,4,太太太太正了,,2025-01-22 00:42,小米Redmi K40
100343983,寻觅,4,游戏好玩，就是吃相难看，我是以前的老玩家，换了手机想下回来接着玩，居然把我号注销了，还不能申请新号<br />4星给陪伴的曾经,,2025-01-21 19:11,OPPO Reno13
445740861,林,1,你直接tap登录变B站登陆就把我们花钱买的号就吞了吗，真逆天啊，还有一群人在那说一开始就没tap登录，我自己花钱买，玩了这么久，难道我不知道吗，他一开始就是tap登录的,13,2025-01-21 07:54,一加手机Ace 3
429041254,苏璃雪,5,推荐，新人打完记得上传档不然删了真就一无所有了,,2025-01-20 22:04,华为 荣耀Play 4T Pro
408847390,不做人,5,不更新是最烦的👊👊👊👊👊👊👊,,2025-01-20 12:52,华为GLK-AL00
421371966,好运,1,不是，哥们，账号给我吃了？,13,2025-01-20 00:19,华为HONOR 20
523237172,在梦,1,操作不便，还不能退款。,,2025-01-19 17:59,Honor X10 Max
438366652,随意,5,官方能不能优化一下，无瑕皮的显示出问题了，蜱母的无瑕最明显，跑起来就会时不是变黑这游戏挺好玩的，喜欢肉鸽类的可以考虑入手,,2025-01-19 14:35,未提供
565648436,jwowha,5,好玩的觉得好玩，不好玩的觉得不好玩,,2025-01-18 23:32,OPPO PEQM00
324863954,liyofu,4,战斗爽<br />😭,1,2025-01-16 21:18,未提供
514765807,是瑞崽啊！,5,非常的好玩哈😵,,2025-01-16 21:51,华为CTR-AL20
37982021,BFooe,4,还不如把摇杆改成十字键,1,2025-01-16 18:45,Vivo IQOO Neo9
40877162,过,5,王手白屏是正常的吗？有没有一样的,,2025-01-15 19:47,小米15
626186668,피리복,5,好玩爱玩,,2025-01-15 12:10,未提供
459542741,寂修,3,端游的手感很好，手游的手感......让我破防,5,2025-01-15 03:56,一加手机Ace 3 Pro
103379220,995,5,可以联机就更好了,4,2025-01-14 23:05,SHUOWANG 20221112LD
522372610,本大人就是 小灰毛星,1,王博一次心态不好的别玩小学学生别忘。心态不好是因为这游戏比较难有可能你会被踢着小学生别忘是因为你玩一段时间人家让,1,2025-01-14 19:54,荣耀畅玩 20
674475675,sil,4,手机端入坑不亏，但真的只是不亏而已，我说白了，你电脑上做的再好，改成手游操控了，要么干脆别做手游，要么就别把手游按键触感弄那么恶心，我哪怕多弄两个向上向下键呢，哪个好人教你的移动键控制上下和左右攻击？有时候二连跳跳木板，左手移动键，但凡一抖他都不给你跳上去，玩惯了国内的游戏，在玩这真的触感不咋地，三细胞以后前章就没办法无伤30杀了。你强度越来越高，我理解，但你能不能不要把按键弄那么别扭？最开始玩的时候就不舒服，后来慢慢习惯了之后，游戏强度上来了，多少沾点微操，除非你手指把控的特别细致入微，不然你根本做不到不失误。,3,2025-01-14 15:26,Redmi K60
417653954,寄,2,新版本掉帧太难受了<br />乱码,4,2023-03-20 08:02,Nubia NX711J
364098910,陈,2,这个bug能不能给他修了,3,2025-01-14 11:33,Vivo IQOO 13
4984116,WENDI,4,只有我的手机是这样的吗？😅,,2025-01-14 09:35,一加手机13
84038756,〽,1,这是怎么回事，打完德古拉自动重新开始了就这样了。。。,2,2025-01-14 01:16,华为PLU-AL10
636219412,BV1s44y1k7pK,3,现在的细胞简单来说就是有头无尾+一些BUG+埋没的〖恶魔城DLC〗之后的最后一个DLC,2,2025-01-13 12:16,OPPO A72 5G
116915589,抠搜哥,1,游戏还行。就是有些东西一直不优化，最基本的装备词条自动滚动的问题，几年前刚上线的时候就这样。现在还是这样。特别是那种描述又长词条数量又多的，阅读体验那是相当的差。别说肉鸽类游戏了，就放眼所有游戏里，这是独一份能搞出这种反人类设计的。就你很难想象这个年代还能有这种逆天的设计，关键是还无法更改这种设定。没入坑的小伙伴可能不懂，我打个比方：相当于看一个自动播放的游戏cg，没有拖拽键，无法快进、后退、移动、暂停，并且以幻灯片的形式播放，一旦错过点什么，只能重新观看，这种就很让人恼火。,4,2025-01-13 00:59,Vivo IQOO Z9 Turbo
65201095,孙朗宁,2,服了啊，这个存档我都五细胞了突然就说我没有买完整的只有试用版，删了之后存档都没了，直接就懒得从新打了,2,2025-01-12 10:55,未提供
565218185,看到我的名字会变帅,4,其实还挺不错的，不过......我帅气的死神怎么变成凋零骷髅了？听别人说，德古拉好像也变样了，改回来5星,,2025-01-12 10:48,Vivo V1934A
421861609,.,3,没网了居然玩不了 还有登录服了,3,2025-01-12 00:52,Vivo IQOO Neo9
431087845,洛琪希,4,4.5分，手柄玩家，优点是格挡优先级大于一切，即使在空中，这种机制救了我好几回了🥰，怪物有特色的同时还照顾玩家，除了几个怪我就不点名了😡,1,2024-07-28 20:38,Redmi Note 12T Pro
612127641,笑笑,3,不给满分是因为要花钱，对我们这种小学生来说太不友好了,2,2025-01-11 14:03,OPPO A11中国版
483267603,哈,5,超级好玩，电脑版手机版都有,1,2025-01-10 21:41, iQOO Neo7 SE
429043690,孑然一身，即为无敌。,5,也是給道爷我玩爽了,1,2025-01-10 00:02,Vivo IQOO Neo9
443433568,且听,4,游戏可以，但是iQOO13手机打王手的时候就发白，希望修复bug,2,2025-01-09 19:59,Vivo IQOO 13
51933781,阿拉斯托,5,非常推荐的一款游戏，但我想问问各位大佬诅咒血瓶这个变异在手游里有吗？搜了大部分软件都没有找到获取方法,2,2025-01-09 16:36,未提供
670632570,sil,5,真希望重生细胞不会和死亡细胞一样断更我不求断更，只求能把之前的坑填上。😁😁😁😁,,2025-01-09 06:15,OPPO A2 5G
523064595,口人口,5,好玩，推荐来玩,1,2025-01-07 23:33,Vivo V1938CT
483370256,闲人,4,自己的原因 感觉有点小难哈,1,2025-01-07 20:29,小米2312DRA50C
370484972,User370484972,4,为什么不能送人？,,2025-01-07 20:21,MEIZI 20280999CL
476279812,。,5,为啥没有翻滚啊,,2025-01-07 20:10,华为Mate 20
582081857,昔日重光不在,1,我为什么要给你一星好评呢？因为我原本想要寒假，我好好玩这游戏的，结果你告诉老子你把刚买的东西，你就把我挡删了，我爱你,6,2025-01-07 16:18,HONOR 200
414984266,君丶倾半壁影,3,游戏没问题就是这个操作手感真的不别扭吗？摇号小的要命还不能调大右手几个按钮更是重量级不能把图标调大一点吗只调大识别范围不调大图标导致💩一样的操作手感这点真得跟隔壁苍翼学学吧,2,2025-01-07 12:36,一加手机12
556474881,逝,5,可以，前期有点玩不明白，连个新手指引都没有,1,2023-12-10 18:39,Vivo V2057A
409324342,安,5,游戏很好玩，但是我想知道这是什么情况？,2,2025-01-06 16:05,OPPO A2x 5G
8507286,QQ用户8507286,5,steam买过了能在手机上玩吗,2,2025-01-06 01:19,红米 K70
691574952,陨星阁楼,5,挺好玩的，就是越玩越难绷，以为自己来拯救世界回头一看队友拼命c想翻盘自己拼命作，把队友全作没了，我的王后啊😭😭😭,1,2025-01-05 19:32,Honor X50i 
588911511,郎可怕,5,有点难 怪的时候比boos难打 每个新怪都要练几次 音乐和美术特别好,,2025-01-05 12:58,WIKO GAR-AN60
592899237,同学老罗,1,游戏无敌<br />🔖运营服务：rj操作方式能不能改改，摇杆难用的要死，非得让人用手柄吗？,6,2025-01-04 23:44,Realme GT Neo2 5G
542184402,@黄桃妹子,1,购买过的游戏内容没了，让我重新购买，我以前肝的武器图纸，衣服图纸，还有各种道具图纸都没了,13,2025-01-03 23:47,RealmeGT Neo5
436506596,自信音游人,5,耗完！！！<br />从一开始打了五十把打不过看守者，再到彩红流卡二细胞王手，再到现在随便乱杀，一步一步看着自己的技术从菜鸡成长为大佬，从被别人一点一点引导拿图纸到指引萌新正确游玩，整个游戏质量都很高。<br />音乐更是没得说，继蔚蓝之后我最喜欢细胞游戏BGM，风格各异，节奏感强。<br />打击感很棒！击杀怪物的反馈给的很足，战斗系统的招架和闪避使操作上限大大提升。<br />一步一步养成自己的账号。解锁武器，变异，用细胞解锁不同的物品，在一次次死亡中完成对自己的蜕变，给人极大的满足。<br />每个武器设计都很好，通过查看武器触发暴击的条件和攻击方式，来选择自己的套路通关，无论是手残党还是大佬都能找到适合自己的武器。（比如🔪）（bushi）<br />难度偏高。新手可能会被虐的比较难受，毕竟移动端蹩脚的操作确实是一大毒点，但是一点一点挑战高难，克服困难也是一个很好的满足点。只要坚持过新手期，迎接你的就是爽爽爽！<br />以上就是我对此游戏都全部评价。个人非常推荐入手，毕竟现在推出了一堆DLC组合包，比一个一个买便宜很多（你怎么知道我是一个一个买的😖😖😖）,2,2023-06-25 11:17,Vivo IQOO Neo8
495914047,User495914047,5,3.9小时的一细胞还行吗,2,2025-01-03 21:16,魅族 21 Note
409491764,light,5,介个系肿么肥四 友友们,,2025-01-03 15:39,Vivo IQOO Z7
11402195,Name,5,兄弟们，之前买的dlc这次下回来全没了怎么办😭😭,,2025-01-03 15:22,未提供
73590960,User73590960,5,非常耐玩<br />😵游戏难度：<br />有点难,1,2025-01-03 14:33,Redmi Note 11T Pro
462970791,催逝员,5,贴图有些问题呀。,1,2025-01-02 18:04,Redmi Note 12 Pro
695017041,益禾塘,5,很有打击感，你可以在这里把敌人捶的到处都是<br />还有宝宝模式保驾护航,1,2025-01-02 17:59,Redmi K70 Ultra
443926554,暮天无云,5,单机买断制横版动作像素游戏。,2,2025-01-02 09:54,Vivo IQOO Neo6 SE
535775704,倪好,4,游戏没得说挺好玩的剧情的话一般但来玩这游戏的又没多少是来看剧情的至于为啥打四星完全就是因为号没了重新又买了一遍dlc同一个b站账号登录结果号没了当然可能不是游戏的问题可能是b站的问题但钱我也实打实花了两份,,2024-12-09 11:39,Vivo Pad3 Pro
99888320,手机用户99888320,3,自动攻击老失效，导致手感太差了,1,2025-01-01 23:58,红米 K40S
440665328,亿只神兽abb,4,小米得把内存拓展调一下就可以解决进游戏弹代码问题。。。就是自己随便摸索出来的，官方没点消息。。不过游戏是好游戏，可以玩了就推荐,3,2024-04-23 20:39,小米Xiaomi Pad 5
440965480,王旋儿Oldyard,5,好玩爱玩买了的都好玩,1,2025-01-01 19:03,华为FIN-AL60
590117776,哇呀呀呀舒服一点,3,我玩了两个星期突然有一天点击那个进入游戏就闪退不知道为什么？内存都没问题往里面都整50多了怎么办？,1,2025-01-01 18:04,Xiaomi Redmi 10A
55675245,*暗蝶*,5,非常好玩，但对我来说还是难了点，玩的跟手脚不协调似的😂,1,2025-01-01 14:20,Redmi  K70 Pro
33742506,岚,5,打，最后一关时为啥贴图显示失败？,1,2025-01-01 10:43,Vivo IQOO 13
677827168,低调低调亮,5,这款游戏卸载后再下回来需要再付费吗？,,2025-01-01 10:04,HONOR ALT-AN00
648008705, ,5,🕹️耐玩性：非常好玩<br />🎲随机性设计：武器技能变异搭配很多<br />🥊打击感：动作流畅丝滑<br />😵游戏难度：正常的话挺有难度，不过开辅助模式就简单多了<br />🌃画面音乐：棒<br />🎮可玩性：拿到白王和解锁全武器变异技能只是入门<br />容器装束的bug什么时候修一下啊啊！！,,2024-08-16 22:23,华为TGR-W00
669824304,我是奶龙,1,每次看到的都是降价背刺老玩家，麻了！,8,2025-01-01 01:22,红米 K70
126373496,给我困倒了,4,怎么回事，没路了？,,2024-02-09 17:26,Honor X40 GT
428466476,无敌暴龙,3,无需多言,1,2024-12-31 19:20,红米 K70
459322263,紫瞳君,5,作为一八年的老游戏，玩法还是相当不错的，本人第一次接触肉鸽地牢还是元气骑士，但我感觉细胞比骑士好玩多了😅，虽然说不更新了，但这类型我在市面上还没找到能完美代替的，可以放心买，内容是量大管饱<br />🕹️耐玩性：<br />游戏非常硬核，如果不开辅助模式游戏寿命非常长，游玩过程很容易破防，手残党慎入<br />🎲随机性设计：<br />内容非常随机，想拿到自己要玩的武器基本只能从地图里找，好在有自定模式<br />😵游戏难度：<br />很硬核，但有个辅助模式实际没有很难，不过要刷无伤还是要耗费很多时间<br />这个游戏拿到白王基本就到头了，辅助模式可以的话最好不要开，会缩短游戏寿命,82,2024-12-31 18:58,未提供
415826200,一百月·江南,5,好玩是好玩，但是一个人玩久了也无聊，为什么就是不能更新线上和线下联机呢？策划怎么想的？,,2024-12-31 18:57,Vivo IQOO 10
561207523,mmmmmmm,5,什么意思游戏都没删一段时间不玩一上线发现DLC得重新买？,,2024-12-31 03:30,Huawei MatePad Pro 10.8
465865781,白鸽,3,我记得之前买过还玩了好久，但是今天上号一看咋没了，又得重新买😔,1,2024-12-30 13:12,一加手机12
539240989,零凌,5,好玩是好玩，毕竟我都已经买了两套了，之前那个号没了，但是话又说回来了，能不能把恶魔城dlc连好好修复一下bug？经常这样两个手机都会出现错误这个档彻底废了,,2024-12-30 01:47,HONOR 100
541353300,太神奇了哇,5,好玩，上头，就是废手，推荐,1,2024-12-29 22:50,Realme 10 Pro+
55963073,宅某,1,在你优化装备介绍的文字滚动前我不会给你任何好的评价。这是真的恶心哥们，尤其是遇到多词条装备和新手初次获得类似抱腿兽这种装备想了解其基础功能的时候😟,7,2024-12-29 21:43,未提供
34688226,云深,5,我手机进不去了😭,,2024-12-29 21:04,Realme真我GT NEO 3 150W
643403708,User643403708,3,游戏好玩有很多武器，但运行问题希望修改一下,1,2024-12-29 19:39,iPhone XR
11708625,矢量.,1,差评 我手残党好不容易玩到钟楼 用存档大法 明明存到档里了 进去又重新开始了😭😭😭,2,2024-12-29 18:05,小米 15 Pro
520242576,王天宇,5,不是，哥们儿，新版本更新本体打5折？我都买完了，你告诉我打5折？,,2024-12-29 15:47,Vivo V1962A
464505316,龍,1,买了，一秒都没玩，一开始游戏就闪退，为什么能下，也能打开，蛋就是不能开始游戏,2,2024-12-29 10:28,小米Redmi 9A
417582597,钅名,5,那我问你，我全款入的游戏本体加dlc这块谁给我补啊<br />后来的玩家也是有福了,,2024-12-29 08:20,小米2312DRAABC
414997069,背离亚,4,游戏很好玩，打击感也很爽，就是有时候闪退要扣分,,2024-12-29 01:46,Redmi K40 游戏增强版
414826763,梅雨西林,5,这个我买过完整版的，为什么这次下回来还要再买呢？😅,,2024-12-28 22:36,华为nova 7 5G
647007038,黑绒uu,5,可玩性挺高，难度还行，五细胞难度还好，总体来说性价比很高,,2024-12-28 18:11,华为P40
85157435,手机用户85157435,1,就那样，白花我三十我看看能不能退,1,2024-12-28 14:57,HONOR Pad 9
62462717,德克萨斯做得到,3,不是，哥们,4,2024-12-27 22:48,小米24122RKC7C
410342855,罗岳,5,怎么更新了以后武士刀不能直接长按了啊难道以前是BUG吗？现在用起来真难,,2024-12-27 20:27,Realme真我GT Neo6
631413787,LZH,5,这是怎么回事啊，有帮忙大佬解释一下吗？,1,2024-12-27 12:56,一加 Ace 2 pro
490640471,༺࿈҉修҉☬罗҉࿈༻,1,看个蛋的差评赶紧去买最近还打骨折现在全部拿下不到50，看什么差评唯一难受的就是手游没有创意工坊玩不了大佬制作的各种mod,16,2024-12-27 09:17,Vivo V2121A
378284780,逗比,5,🕹️耐玩性：<br />多元化特别好,,2024-12-27 08:17,iQOO Neo 5
112407900,某,4,除乱码之外都可以,,2024-12-27 00:37,Vivo X90
600618899,精神小伙白菜,5,很好玩，希望可以借着出新地图新剧情新武器<br />😵游戏难度：<br />还可以,1,2024-12-27 00:27,红米 K70
454609972,梦魇绝镇,5,又快刷完了（少几个头），能不能搞个联机啊，所有套路都玩完了，有点无聊……（加起来都玩1000多局了，可玩性不用说）,,2024-12-26 12:36,Vivo IQOO Neo9S Pro+
539464577,阎泠,3,怎么把腰整成这样了，Bug越更越多是吧,1,2024-12-26 01:15, iQOO Neo7 SE
602107929,º渡,5,无话可说就是太好玩了,,2024-12-25 21:56,未提供
430428565,由岐-QinEn,3,玩不明白，操作有点乱，,1,2024-12-25 20:52,Vivo V1934A
368514018,于生呦,4,为什么我用不了，求解😭,,2024-12-24 23:31,vivo X27
335496025,蜀山街道,5,我就想知道我满级存档去哪了？<br />换个手机啥存档都没了，不是和账号绑定在一起么？咋的一个手机让我用一辈子？,,2024-12-24 20:13,Vivo V2314A
335180653,雪古道,4,进入山洞副本后卡死了，怎么都进不去，除了开新存档有解决办法吗？,,2024-12-24 18:35,未提供
361484681,秒,5,我还以为方跑路了呢,,2024-12-24 13:26,Vivo IQOO 12
1976225,十一ミト幻尘,1,为什么之前买过了，好久没玩了今天登录又让重新购买？？？,9,2024-12-24 00:23,Vivo IQOO Neo5S
327727475,信,3,新版本为什么点开始游戏会闪退😅,2,2022-12-09 12:52,未提供
645168860,UZI,4,修修bug吧😭😭😭德古拉和死神阴成啥了，这音效重复播放也没修啊，乱码也遇到过,1,2024-12-23 21:18,未提供
645043002,高某打球菜,5,我想问一下端游开了创意工坊是不是会影响成就的获取,,2024-12-22 21:06,Vivo X100s Pro
634401163,.,5,这游戏开始玩的时候很好玩，音乐也很好，我开辅助模式打通关之后也懒得关掉辅助模式尝试新的难度,2,2024-12-22 19:46,未提供
34558583,立刻有,1,2.4版本前的，动态摇杆那叫一个好使，现在的动态摇杆就是食，我特别不理解官方是不是没用手机玩过？就体验了手柄和键盘？好好的一个动作游戏，你硬是让每个玩家被迫玩固定摇杆，而且固定摇杆还不能调，还在角落里😂，真是大游戏卖的火，游戏都不带管的。圈子也优越感满满，一群人还菜就多练练张口就来，很少有推荐看攻略的，只会嘲讽。老样子，动态摇杆不改回来1星拿着。,6,2024-07-18 20:52,未提供
463178550,非酋民,4,就是手机操作体验没有电脑的好,,2024-12-22 15:16,Vivo Y78m
677847158,浩,1,我想问一下为啥之前也是在tap下载的 DLC也全买了  后面删了 重新下载回来就啥都没有了,3,2024-12-21 23:26,华为 Nova 5 Pro
3374221,柳绿:樱花,5,别买，有病毒😅,,2022-04-27 19:06,未提供
405848619,炮爷本爷,5,第一次玩这种游戏，dlc全都买了，很棒<br />🥊打击感：打怪的时候有顿挫感，很爽,2,2024-12-21 17:51,未提供
419748763,莫侯,5,"新手很难打，不熟悉boss攻击没关系,慢慢打或者直接开辅助模式，ok？",2,2024-12-21 17:04,Realme Q3 5G
594095719,Fiji,2,手感稀烂，摇杆和跳跃不灵敏,2,2024-12-21 15:36,Redmi K50 Ultra
587639180,飞光去时阖眼,5,手机上除了手感比较难受，乱码大概出现过5回，其他的方面都是不错的，爱听钟楼bgm，玩的时候记得云存档，不要像我一样。,2,2024-12-21 14:31,红米 K40S
99255471,手机用户99255471,5,我有一个问题，就是更新后人物一直闪烁，求大佬帮忙！,2,2024-12-21 10:18,HONOR ALP-AN00
420165588,抓一把饭塞你嘴里,5,之前把捆绑包买了，ios买过一次，安卓买过一次，两个端的捆绑包全没了😭😭😭😭😭,,2024-12-20 21:43,HONOR JDY-AN00
556575717,Him,4,"游戏剧情值得探索,耐玩性不太ok,希望多出一点Dlc",,2024-12-20 16:38,未提供
426167845,铅笔,4,优化不是很好，经常会有英文字母弹窗，还会卡在加载页面不动，其他没话说好玩,1,2022-01-06 16:12,未提供
396148433,酷鱼,5,家人们这款游戏难度大吗 适合手残党吗,,2024-12-20 06:20,三星Galaxy A55 5G
31281976,十年故人,1,背刺真恶心，真后悔没去买端游,1,2024-12-19 23:22,未提供
439760013,龍寒,5,兄弟们有知道为啥巨剪都有了，按流程来巨梳没有呢，是有什么触发机制吗,2,2024-03-20 11:01,未提供
603460525,ᝰ,5,孩子很喜欢吃🤓🤓🤓,,2024-12-19 22:34,华为ALT-AL10
48396458,平淡慵懒,1,移动方向键是我玩过游戏里最答辩的，别的还好,9,2024-10-22 16:16,未提供
17470667,熟悉的陌生人,5,手机刚更新完，咋啥也没有啊😦,1,2024-12-19 14:46,Vivo IQOO Neo7竞速版
11774227,流影,3,更新完，感觉手感好奇怪，有点卡顿的样子,1,2024-12-19 14:28,Blackshark SHARK KSR-A0
450968431,zz,3,跳跃键怎么有点钝 快速的连续摁两下 角色确只跳一下 希望快点修复,1,2024-12-19 13:33,未提供
630327224,小凡,5,所以今天就是把价格调整了一下出了一些小怪和皮肤，感觉没什么，毕竟已经通关不下百次，感觉没有新关卡和boss没意思,3,2024-12-19 11:13,iQOO 9
74653395,Thoth,3,音效bug还没修😓,3,2024-12-19 10:52,Oppo K9s
3133265,User3133265,5,我有复活啦，终于更新了，3.5版本期待太久了,2,2024-12-19 10:31,RealmeGT Neo5 240W
62064402,大陆神州,1,之前买的用taptap登录的DLC也全买了 现在只能用blibli登录了。找客服反应都在甩锅 把账号转移一下也行啊，吃相太难看了,5,2024-12-18 22:54,Honor Magic4
8031106,FRIDAY,5,白屏咋回事啊，是正常的吗,,2024-12-18 12:32,小米15
443268618,拆迁大队长,1,一年没玩你直接把我本体回收了是吧，我玩个锤子我玩,12,2024-12-18 10:35,小米Redmi K40
323711849,G红丨中A,5,这是一款极具影响力和魅力的游戏，具有多方面的特点和优势：<br />高度自由的创造性：<br />玩家在游戏中能自由地创造各种建筑、景观和设施等。无论是宏伟的城堡、现代化的都市，还是奇幻的仙境，都可以凭借想象力和创造力来构建。<br />这种创造性不仅带来乐趣，还能培养玩家的空间思维、设计能力和创新精神，让玩<br />家在虚拟世界中实现自己的创意梦想。丰富多样的玩法：<br />游戏玩法极为多样，除了建造，还包含生存模式，玩家需要在充满危险的环境中收集资源、制作工具、抵御怪物攻击，努力生存下去。<br />有冒险模式，玩家可以探索神秘的洞穴、遗迹，挑战强大的怪物，寻找珍贵的宝藏。<br />可以深入研究红石系统和指令，实现自动化装置和各种复杂的逻辑功能，例如制作自动门、陷阱、电梯等，为游戏增添更多科技感和味性。<br />支持多人联机，玩家能与朋友一起合作生存、共同建造，或者进行 PVP 对战等，增加了社交互动性。<br />强大的教育价值2:<br />在国外，一些学校将其运用到课堂教学中。它可以帮助玩家学习历史学、考古学、建筑学、数学等知识，拓展思维。<br />玩家在游戏中进行规划、设计和建造的过程，也能锻炼解决问题的能力、逻辑思维能力和团队协作能力。<br />持续的更新与拓展：游戏开发者会不断推出更新，添加新的内容、功能和玩法，保持游戏的新鲜感和吸引力。例如新的生物、方块、道具等，让玩家始终有新的探索和体验目标。,1,2024-01-16 23:45,未提供
417757964,Jasonly,5,终于要更新3.5了，手机终于是能跟上pc的脚步了，浑身蚂蚁爬,6,2024-12-18 00:44,iQOO Neo 5
7156513,User7156513,4,为什么我打王座之间的时候会出现闪白的情况啊，咋解决呀,,2024-12-17 17:31,小米15
10871452,一夜星空,5,太好了，终于要更新了😭,,2024-12-17 16:53,"Honor V7 Pro 11"""
637167238,磷光,5,五细胞只是开始,3,2024-12-17 14:19,小米 15 Pro
492114303,Hanabilmy,5,同类型游戏佼佼者<br />不是说工作室都放弃这个游戏了吗，现在居然有版本更新？好期待,2,2023-07-02 17:24,一加手机Ace 3
51495960,柯友安,4,不是我记得以前不是b站游戏啊 断制我都买完了没了？？,,2024-12-17 00:19,华为 nova7 SE
549614657,飞e～,5,希望可以搞个恢复存档的，手贱把存档删了从头开始了，刚把凯旋肝出来,,2024-12-15 15:27,未提供
689375700,清风点水,5,还行。实行的是买断制。,2,2024-12-15 09:44,未提供
637400815,mmmm,5,玩了两年，具体感觉非常不错，四十分钟不知不觉就过去了，每次玩着玩的就下课了😂,2,2024-12-13 01:43,RealmeGT Neo5
689662359,后浪,3,好玩，但是之前买过之后一段时间又要重新购买，不知道怎么回事,2,2024-12-12 19:48,Redmi  K70 Pro
33053637,手机用户33053637,4,伟大无需多言，虽然我没怎么体验过爽局，但是操作流畅，画面精美，豪玩爱玩,1,2024-12-12 19:34,iPhone 14 Pro Max
639389040,单机游戏玩家,5,最好玩的单机手游，没有之一😍,1,2024-12-12 13:23,华为P20 Pro
321045563,多娃,5,过去这么多年，反反复复的加了好几次，这类型的游戏，这游戏是最好的<br />🕹️耐玩性：,1,2024-12-10 18:12,iQOO Neo 5 活力版
5784978,卟       蕫 _(:з」,3,之前买了，现在又要重新买。有恢复购买，想问一下有知道在哪的吗,2,2024-12-09 15:10,iQOO Neo 5
592677030,是非头子,5,苹果手机玩过，换了小米14，再关注一波，账号不互通，就评论一下留个纪念。<br />只怪自己菜，开了辅助，也只能打到三细胞，最后无奈的看了抖音博主的五细胞结局，哦幺，这么折磨，话说空洞骑士才过了第一个结局，后面4个打不了一点，能打5的都是好样的。,2,2024-12-08 21:55,小米Xiaomi 14
377148466,凌云,5,能不能不要放弃细胞，再多做一点地图装备什么的。玩的不够过瘾,4,2024-12-08 18:05,Xiaomi Redmi Note 11 Pro
380932263,乐静,2,那个“挠挠”是啥啊 不会玩...,3,2024-12-08 03:01,TDTech TDT-MA01
425433375,。,3,出个蓝色皮肤😍,1,2024-12-07 21:46,Vivo V2314A
421115606,恋久,5,爱玩肉鸽的，这款游戏无脑入,1,2024-12-07 21:02,OPPO A32中国版
653435557,小岛ぁ六花,4,还行就是要钱,,2024-12-07 17:52,OPPO PEYM00
438429148,玖珄.,5,好玩确实很好玩但这是什么意思,,2024-12-07 01:28,Vivo V2314A
527649065,并䂊,1,游戏是好游戏，就是键位有点撒白,8,2024-12-06 14:18,小米Xiaomi 14
672928541,2,1,所以说为什么我号没了？,4,2024-12-06 11:22,未提供
480684961,。。,4,有谁知道这个情况该怎么搞,1,2024-12-06 01:42,Redmi Note 11T Pro
418978081,撞进夏日晚风,5,本体加全DLC根本不亏，冲就行<br />😵游戏难度：<br />难度有，但不多，纯休闲误入,2,2024-12-06 00:42,未提供
482509994,秋,1,我请问了我之前买的本体加全套大DLC你给我吃了?现在下回来你告诉我我没买本体?,11,2024-12-05 23:27,Vivo S18
474163401,莫过于一笑,5,这是咋了，正打着灯塔仨人嘞,,2024-12-04 21:20,Redmi K70 Ultra
59824008,梦,5,有大佬知道怎么练手柄吗？,,2024-12-04 08:16,未提供
1700516,永远太远,5,说实话，这不就是小骨么😌，小骨的操作没有这么流畅是真的，还是挺不错的，等打折吧,,2024-12-04 00:41,华为 Mate40 Pro
68009151,手机用户68009151,5,大神求解答，变异怎么都没有了,,2024-12-03 17:18,Vivo IQOO Neo9
338391262,血色醉人,4,想问大佬们五细胞怎么过呀😭,1,2024-12-03 01:30,OPPO PHM110
380097315,PE,5,宝子们，打折踢一下，谢谢谢谢,1,2024-12-02 17:23,未提供
23584669,User23584669,1,不是，我号为啥没了，重新下载回来结果号没了，云存档我也没删过，怎么就没了？,10,2022-02-04 17:12,Redmi K70 Ultra
432304444,•᷄ࡇ•᷅,3,好玩是好玩，但是，好久没登了，现在他好像给我号回收了，怎么办呀？π_π之前打过了5的，也买完了,1,2024-12-01 15:54,5G
647008090,李,5,好玩就是有点贵,3,2024-12-01 11:20,华为 nova 6 5G
389858889,人生若只如初见,2,手机操作一言难尽，很难让我继续玩下去,6,2024-11-30 20:16,一加手机Ace 3V
546067758,MbY凉拌汁,5,不做评价。战斗爽,2,2024-11-30 19:23,未提供
608585730,铁剑君,3,怎么回事,2,2024-11-30 10:36,OPPO Reno5 Pro 5G
364335320,JayChou,5,石磨怎么解锁，都四细胞还没解锁,,2024-11-30 06:07,Redmi K50
39384226,龙灵阳德明,3,2024年11月30日<br />不是各门你摇杆和报错真就一点都不修一下吗，咱停更了也别摆出一副停服了的样子好不好啊，致命坠落王后与海的内容我都怕跑着跑着就炸档了😅,6,2021-12-02 21:54,Redmi Note 12 Turbo
34206871,杠精说游,5,如果恶魔城DLC也能打折就好了,2,2022-11-01 09:28,Vivo IQOO Neo8
65643538,华子,3,全收集之后就没意思了,1,2024-11-28 12:29,红米 K30 Pro
428150110,长安,5,玩到后面就没啥意思了 刚开始玩确实挺不错的,1,2024-11-27 20:14,未提供
84367616,混子,4,体验还算不错，有点儿偏难针对新手,1,2024-11-27 19:12,红米K70E
56869440,元气泰拉我们肘,5,好玩，确实好玩，你说难玩吗？有官方外挂，觉得难的可以开辅助，很不错的游戏，但是，我还是很可惜，停更了,4,2024-11-26 18:14,Honor Play 40 Plus
330812598,小柴,3,挺好玩，挺经典的游戏，就是操作手感太拉，用不惯虚拟摇杆，固定摇杆位置太靠下，用起来很难受，然后不能调位置，操作着操作着没划对位置就立正了，挨一下陷阱，可吐了，这个问题挺久了，也不知道是不是反应的人比较少的问题，一直没改过。,3,2024-11-25 10:24,一加手机12
361518424,肆拾柒拾叁-,4,游戏非常不错，虽然是像素画风，但是游戏里的美术风格却一点都不敷衍，非常精美。游戏性也非常丰富，肉鸽的关卡设计，让你每一次玩都会有新的体验。<br />银行这一关我都快打完了，结果捡装备的时候突然闪退，重新进入之后发现进度全没了，要重头开始打。心态炸了。,2,2023-09-22 17:29,未提供
640455929,呦呦...,5,之前电脑上玩过,,2024-11-24 01:18,iPhone 14 Pro Max
682755036,Joker,5,真的值三十大洋,1,2024-11-23 15:28,华为P40 Pro
682762250,wuwuwu愧,1,我就想知道你移植了个什么 ，左右操作蹩脚的要死，设计的烂跳跃连个坡都上不去，就不能用点心,4,2024-11-21 21:33,三星Galaxy Z Flip3 5G
69935161,自由,5,说实话，我玩了这么久，看了很多肉鸽游戏，从来没有一款如果游戏能比这个更好玩。打击感爆棚，上手简单。手残党也能玩儿。,1,2024-11-21 21:29,华为HONOR 20
398167191,邪祚,5,游戏人物阴影改回来了嘛，我的朋友😭,,2024-11-21 08:24,小米Xiaomi 14
446441125,罗天宇,1,我之前买过现在下回来怎么又要我钱了?,2,2024-11-20 20:09,Redmi K70 Ultra
677230293,南无,3,手残党，当时看着挺有意思就买了，但是买了就后悔了，话说能退款吗，之前刚买就想退款，一点都打不过去，客服说不能退款...,1,2024-11-19 13:24,Vivo V2020A
483657028,言木宁,5,开存档点，过了，不开一直从头开始！好玩！耐玩，闲着没事玩玩挺爽的,1,2024-11-19 11:41,Vivo V2156A
461607700,湛味上风,5,我买了全部的关卡，我删了一次怎么就要重新买了,,2024-11-18 18:05,Vivo V2220A
435182944,青云,5,没得讲,,2024-11-18 12:11,未提供
83029102,宇宙超级无敌暴龙战士,5,刚玩的时候容易红温,,2024-11-17 18:57,iQOO Neo5 SE
23385423,✄Melony君の含,5,累 好累 我要休息,,2024-11-16 21:37,荣耀9X Pro
671971092,衰仔,5,这个红色的方块怎么打碎啊想下去还只有这一条路,1,2024-11-16 10:13,Xiaomi Redmi K60 Ultra
35566591,距离速度,5,超级好玩，手游加端游应该有1000局了，真的非常想写篇长评，慢慢的和大家推荐，但实在没这个能力，只能说非常非常好，虽然现在端游停止更新了，但手游好像还没更完，以后起码五年以内，有人问我有什么好玩的肉鸽游戏，细胞一定是我的第一推荐,3,2024-11-15 22:47,Vivo V2115A
580282592,白鹤,5,还可以除了需要充钱游玩以外，剩下的非常好,,2024-11-15 04:19,Vivo V2054A
647872401,基因•拟态酶,3,非常好，不过因为b站代理，还是减个几分,1,2024-11-14 20:33,OPPO PGGM10
84456688,もう感傷的にならない,5,耐玩性还好吧，打多了需要控温,,2024-11-14 10:19,未提供
424374011,User424374011,1,为什么删了后重下还要重买？,10,2024-11-14 09:10,Vivo IQOO Neo9
37359152,风驰电掣,5,奈何TT不做人，这本来是个很有未来的游戏…,2,2024-11-14 01:32,Honor 70
122290888,静Y,5,啥都挺好，就是手机玩高难度有点困难。还是适合电脑玩,1,2024-11-13 13:13,iPhone 12 Pro
506851962,*,1,一换武器就这样重下也没用真服了😓,1,2024-11-11 21:54,红魔9S Pro+
434304091,老皮的游戏生涯,3,几个点体验很差，1.画面过于艳丽，特别打王国之手的时候，他扔一堆炸弹的时候，画面特别乱。我有时候看不清自己在哪里。2.很多关卡设计过于混乱，没有指引，到处都是门，不知道哪个是隐藏关卡哪个是正常顺序。3.隐藏机关触发按钮不仔细看根本看不见，还是画面太艳丽,5,2024-11-10 14:45,未提供
441934405,小小,3,为什么下载不了啊？😓,1,2024-11-10 07:40,未提供
420154055,开心,1,卡死，跟本进不去,1,2024-11-10 03:11,HONOR LYN-AN00
414139345,zdbz2,5,挺好的,,2024-11-09 21:52,小米Redmi Note 7 Pro
442775145,白,5,很好玩，有点小贵,,2024-11-09 21:51,OPPO A93 5G
679064157,青团绿,1,看什么？快去看好评。,4,2024-11-09 20:08,OPPO R9s
497561008,liunian•520,5,好玩，但把端游分成好多份买，有点亏,,2024-11-09 17:17,Honor 90
511865962,ying.,5,玩了那个苍翼了，还是细胞好玩，回来玩玩，就是制作组缺心,1,2024-11-08 21:05,Vivo V2131A
677737820,星空,5,好玩，就是看操作,,2024-11-08 19:22,Vivo V2156A
332483029,天文来客,5,怎么没有taptap登录了,,2024-11-08 12:55,Vivo IQOO 12
607923451,卡,5,好玩爱玩就是太难了,,2024-11-08 00:36,未提供
352651638,冲牙龙也,1,存档进不去了，打半天白打了，网络良好，能开新档，老档卡在加载画面进不去😑😑😑等给了解释再来改😓,4,2024-11-05 22:05,Vivo IQOO 12
570015321,zhaomeng,5,很喜欢像素风，画面颜色可以自己改，很有趣,,2024-11-05 12:30,iPhone 11
47338074,鎖那,5,耐玩且打击感舒服,2,2024-11-05 00:34,iPhone 15 Pro Max
672969661,流苏,5,豪游戏,1,2024-11-04 23:57,Honor Play 5
490405050,扶妹魔,4,新手越往后打越崩溃，给我兄弟干崩了，幸好我swich玩过这个，通关过一边后面就很好打，设置开帧率画面无上限很舒服，武器强度也还好，收费游戏里算有性价比的了,1,2024-11-04 20:25,Vivo IQOO 12
625065458,草丛里的薯条,4,今日口渴,,2024-11-03 00:41,OPPO A9中国版
667810310,CuT,1,验证码都收不到，第一次遇到这种情况😂,3,2024-11-02 19:41,Redmi Note 12T Pro
406709286,童心,5,希望再多出一点dlc,,2024-11-02 18:02,Oppo A96
435732579,橘,5,手机版有dlc吗？,,2024-11-02 08:24,OPPO A53 5G
658887779,天将启明,1,不是我一天没玩存档怎么没了？直接变回新手了,4,2024-11-01 23:56,Vivo V2131A
435249534,User435249534,5,打击感 爽爽爽,1,2024-11-01 17:38,荣耀 V30
37622816,回忆以前的时光,5,平板怎么用键盘玩啊有大佬知道吗？,1,2024-11-01 12:29,Oppo K10 5G
61377194,神.ong,4,🕹️耐玩性：<br />真能玩好长时间<br />求全新DLC,1,2024-10-31 21:19,OPPO Reno9 Pro 5G
643952666,来来来,1,游戏还可以但是一段时间不玩就要重新买😅<br />我钱大风刮的吗？,13,2024-10-30 22:05,小米13 Pro
586552629,阿巴阿巴,4,这游戏我不是买过了吗，怎么又要收费？<br />游戏好玩，打不解决我的问题的话就给个四星,1,2024-10-30 18:45,未提供
345035750,黑化小学生,1,买了为什么不显示已购买，想退款都退不了,9,2024-10-30 16:26,红米 K70
591144050,Jntm,5,内购游戏，反对充钱的就别来了<br />游戏质量很不错，对萌新也很友好（辅助功能）<br />目前平板上打到细胞4了（平板借出去了，后面就没打了），手机上面账号登不上去，打到后面会多出来很多细胞资源,1,2024-10-29 16:35,Honor X50 
371118353,如意劲.,5,不孬，肉鸽玩法和像素画风做的都很好,1,2024-10-29 11:12,Vivo V2417A
599247923,ghh厂gd,5,挺好玩的,1,2024-10-28 17:38,OPPO PFTM20
47764409,絮,2,本来打满分的，现在b站运营点进去加载一分多钟才能玩，单机也不知道你怎么搭的服务器,5,2024-10-28 12:43,未提供
64931592,手机用户64931592,5,总结:好玩!推荐。就是从来没有玩过买断制游戏有点不习惯还要买DLC，但是好像记录不了B服,,2024-10-27 21:58,Liantong VP001
604765228,清封,4,好难啊，要是能联机就好了,1,2024-10-27 21:31,Oppo K9s
600257197,༺࿇࿋࿇༻,4,打击感特别好，很值得去玩,1,2024-10-27 17:01,华为Honor Play
14799651,大英姐,1,搓屏手感极差,3,2024-10-26 19:27,Redmi K70 Ultra
328324281,无聊的阿光,4,不知道这咋回事,1,2024-10-26 17:51,Vivo IQOO Z9
630394456,v hhvvuuuui,5,还差哪些该怎么获取？萌新求,,2024-10-26 14:25,Vivo V1916A
456037639,岩,5,非常好玩，但是我的号不见了😭😭😭,,2024-10-26 11:59,小米24090RA29C
378195230,萌新,3,为什么遥感不能自定义大小和位置,4,2024-10-26 02:59,Vivo Y78m
449398190,达达达达利亚,5,补票+1,2,2024-10-25 22:55,Vivo IQOO Z9 Turbo
70158068,natsumai,5,存档莫名其妙没了怎么解决？,,2024-10-25 17:18,小米MI 9
10754749,逗逼的月月,5,好玩是好玩儿，但是还不更新，手机不知道会不会永远停留在3.3了，Steam都已经3.5好久了，开发商又跑去跟育碧做游戏，不知道会不会有手机版3.5,2,2024-10-25 07:20,一加手机一加平板Pro
443582833,吴邦友－事在人为,3,感觉不太好玩，对于我这种手残党简直就是恶魔，限时门打不开，无伤门也打不开，怪物技能提升太少了，武器随机，很难玩,1,2024-09-18 15:10, iQOO Neo7 SE
412891614,？？？？,5,极其丰富的装备库和各种挑战获得的皮肤装扮，给了玩家非常大的动力去重复游玩。尤其是王后与海和重返恶魔城这两个大型DLC都是可以给到满分的地位。,1,2024-10-24 18:18,Vivo IQOO Z8x
350356073,利贷,5,虽然很好玩，但是，真的手残啊😭,,2024-10-24 09:07,Redmi K50 Ultra
680642327,星瞳,1,卡加载太逆天了，一个小品肉鸽这点优化做不明白,3,2024-10-24 00:27,小米Redmi K40
21683057,ghost joker,3,容易坏档且难修重开也会坏档其他没什么好说的就是客易坏档还有乱码,2,2024-10-23 22:24,OnePlus 10T
2276531,云溺,1,本来特别喜欢的游戏，也是在游戏里花钱的第一次，结果就被坑了，许久不玩就会被删号要求重新购买。<br />而我其他所有的付费解锁游戏都不会有这种情况，对比之下，是真的让人恶心且寒心。,4,2024-10-23 18:27,未提供
681855972,无爱...,4,这个游戏的那个藤蔓怎么挠出来啊,,2024-10-23 17:35,未提供
364913113,水里吃猫的鱼,3,2.4版本以前给好评，双卷轴时代过去就开始烂了，恶魔城直接一坨狗屎，只能说MT还是死一死得了,1,2021-09-16 22:45,一加手机Ace 3V
125781249,抵制脚本外挂™,5,好玩，就是我太菜了。,,2024-10-23 15:03,Vivo IQOO Neo9S Pro
680952137,騖,3,我想问一下他那个就是那个磨一磨那个绿色的那个粘液球啊。有什么用啊？,1,2024-10-21 21:37,未提供
64447499,手机用户64447499,1,还是作为运营商的bilibili问题大一些，登录输入密码以后提示密码不安全不让登录，一个视频网站我要你密码多复杂干什么？一星评价收好不送,2,2024-10-21 17:43,小米Xiaomi 14 Pro
18584318,少女綺想曲,5,不好玩！差评！<br />绝对不是因为练咒刃练红温了才差评的😡,5,2022-02-10 12:41,未提供
379630194,晴雨,5,游戏很好玩我steam都快千时了，在taptap有毒这个时间时长不显示。,2,2024-10-20 12:30,Vivo Y53t
479845148,.,1,玩了一会 进了那个有罪什么都地方 出去要买完整版游戏 为什么不提前说,1,2024-10-20 11:18,Realme真我GT NEO 3
9002194,落,1,**站，之前买过然后删掉现在想重新玩还得买，吃💩去吧,9,2024-10-19 21:28,未提供
651135237,八条悟,5,21年就想玩的了，现在才有钱买。怎么说呢？重生细胞是单机游戏里面很耐玩的了，不需要太肝，打的菜也没有人说什么，买的值👍🏻,1,2024-10-19 13:20,小米24069RA21C
658640635,happy饺子,5,这游戏有离线模式吗？,,2024-10-18 23:11,OPPO Find X3 Pro中国版
29653497,陌路尘埃,5,Steam移植游戏里仅有的几个好游戏了,2,2024-10-18 16:26,荣耀 60 5G
349880759,丁ie,4,游戏很好，各种东西机制的话，玩法真的是很多样，花30块钱解锁后面的剧情真的是完全不亏的，当你想玩这个游戏的时候，你要知道这个游戏会腻的，打完所有boss之后经历所剧情之后，大概就可以删了!,,2024-10-18 10:12,未提供
15306838,ShiMolei,5,作为一个五细胞萌新的我对游戏的这个体验来评价这款动作游戏<br />首先，它作为手游横版动作游戏我认为他是手游界第一，当之无愧，其次这款游戏的耐玩度有一说一非常不错，就是有点上头，肝那个图纸装束什么的玩着玩着有点忘我了，游戏难度适中不难也不简单，然后游戏内的音效和音乐也是非常奈斯的颇有一番风味，性价比这块我觉的也还不错，端游上比手游贵一点。然后就这个游戏的缺点，闪退和突然出来的英文，这给我整麻了，打到一半突然闪退进去之后还是闪退就很难受，这个bug好像很久了但貌似还没修复好，希望后面可以修复。<br />最后，对于喜欢横版动作游戏的我非常推荐玩下这款游戏，非常奈斯👍<br />哈哈哈哈啊哈哈白王！！！,65,2022-01-15 03:40,小米Xiaomi 14
634675737,额画画,5,我玩的账号没了，但游戏是不错的,,2024-10-17 19:59,未提供
671997885,哈哈哈哈哈,5,好玩是好玩，但这这这这怎么办,,2024-10-17 16:43,未提供
367912557,io,5,还可以，目前还没遇到bug,1,2024-10-17 14:01,iPhone 14 Pro
568963188,L-C,4,不知道手机能不能连接键盘,,2024-10-17 07:44,Vivo IQOO Neo9 Pro
36470256,凌霄希,5,我这个红米k70至尊版为什么老是闪退呢？,1,2024-10-16 14:44,Redmi K70 Ultra
348567512,白,1,之前买过两次了 退坑几个月下回来号都没有😅😅,3,2024-10-15 23:12,未提供
433238302,大聪明,5,有哪位大佬？能告诉我如何打过炼药师，老是回血，根本打不死？😭,,2024-10-14 22:46,Honor X50 
680086487,嗯嗯,3,不太肉鸽，更多是动作，爽不起来，游戏是好游戏，我个人打3分,3,2024-10-14 00:35,Redmi Note 12 Turbo
14353181,若风,4,为什么扰不动？,,2024-10-13 11:51,小米Mi 10 Pro
58777099,叮叮当,3,错玻璃，玩起来比较难受,2,2024-10-12 23:09,小米13
33851501,您的智能AI-艾希,2,啥意思？昨天刚买的地下城。。。,7,2024-10-12 21:29,Realme V30
569390573,売っちゃ,5,宝宝模式两天拿不到五细胞，我是Fw中的fw。游戏是好游戏，可惜不更新了，希望早日重启更新，王后我还没睡呢    。,2,2024-10-11 10:23,Realme真我V20
125471109,暮,1,存档丢失了，我绝绝对对是上传了云存档的，删之前还仔细检查了一遍存档。然后设备换了，账号手机号都没换，不仅存档没了还要重新购买。b站客服也是一点不管事直接一句存档丢失无法找回。问题解决了我自然会给会五星,6,2024-10-11 01:45,iQOO 9
569334361,俗人,4,一个手机买了之后换个手机就不行了，这是为啥,,2024-10-10 19:01,Redmi K70 Ultra
353172106,寒江雪,1,不是，不就是几个月没玩吗？至于给我号消了吗？我现在存档什么的全在，但他又要我重新买游戏本体是怎么个回事？,7,2024-10-09 16:07,Vivo IQOO Neo9 Pro
434072977,日落,5,不要啊，🤮不要搞我👉🤡,,2024-10-08 15:20,Vivo IQOO Neo9S Pro
610143822,。。。,5,手机端3.4和3.5什么时候更新啊，想你了牢细😭,3,2024-10-07 23:40,未提供
418805113,钰谛,5,啥时候更新呢,,2024-10-06 21:57,Xiaomi Redmi K60 Ultra
52287040,惊恐不已的但丁,3,很难评，游戏完美，就是我这手机不算差吧，竟然还会突然进不了游戏，卡在加载,2,2024-10-06 18:44,华为nova 7 5G
580353487,小虎,5,可惜剧情断更了，杀不了屑国王救不了老婆了😭😭😭,3,2024-10-06 12:13,红米 K70
332877958,随夕,5,不小心删档了😇,1,2022-06-04 23:52,Redmi Note 11T Pro
599818039,郁重,5,之前玩过很长一段时间，很好玩不过现在档无了，得重新开始了。还有就是为什么我总是在最贵的时候买游戏啊！（抓狂,1,2024-10-05 19:53,HONOR KOB2-AL00HN
67755839,高,1,你逗我呢，怎么变成b渠道的了，那我之前tap的号怎么整,9,2024-10-05 19:26,一加手机Ace竞速版
99281227,*这个名字这使你充满了掘森,5,豪丸！！,,2024-10-05 17:33,HONOR 200 Pro
45907261,(∗ᵒ̶̶̷̀ω˂̶́∗),5,一共也玩了快一千局<br />游戏确实没的说很好玩<br />关于乱码我只遇到过一次，那次玩的是神奇宝贝有宠物就加上的那个buff，我招几只宠物重进了下就乱码了😂<br />bug的话我还没有遇到过<br />收集系统很丰富，能搭配的种类流派也很多。<br />对于新手如果没有玩过这类的游戏前面会很坐牢，可以先从绿流开始慢慢玩，绿流血多也有专门回血的天赋，例如盾反回血和杀怪回血(最大只能回到百分之50)还有专门的减伤天赋都可以保证生存到五细胞都能玩。<br />新手武器推荐，我个人非常喜欢对称 长枪也比较好获得，也可以用迅捷之弓带双倍弹药当乌龟但是紫流血太少了😁<br />熟练了之后就基本爽爽割草了<br />基本上五细胞难度最大的我感觉不是最后的几个地图反而是监狱深处和腐化牢房，因为打这两个图的时候如果找不到隐藏的话卷数不多伤害不够武器等级也不高<br />dlc也很推荐购买就是为啥还不更新3.5版本,101,2024-10-05 14:07,一加手机11 5G中国版
651223855,心有所属(ZSD),3,无聊，要钱，学生玩不了……但总体来说还是很好的，有钱的话可以直接买下来，很好玩,2,2024-10-04 23:48,Vivo IQOO Neo3
658458188,刘星云,4,打不过，根本打不过,,2024-10-04 11:16,HONOR ALP-AN00
339548757,梦中相遇,5,还是那句话我原价买的为什么他总能在第二天背刺我,3,2022-10-07 15:06,Vivo V2073A
637284698,E·K,2,专门给来看差评的人写的<br />steam几十万好评如潮证明这款游戏真的无可挑剔，但那是电脑端，手机端很多方面确实史，但已经很不错了，简述一下<br />首先就是难度方面，对没有动作游戏基础的人来说确实会比较难，很多萌新都吐槽，没有好的办法，只能引用游戏里的一句话:菜就多练练，一百小时差不多就能很熟练了，实在不行就开辅助模式+自定义模式慢慢练<br />可玩性方面确实是拉满了，处处可见游戏时长1000+小时的，逐层递进的难度也比较适合大众，后期游玩纯靠整活<br />画风音乐就不用细说了，绝对的无可挑剔<br />手感音效等也是顶级，不细讲了<br />设置方面记得点易食性设定，然后把血液打开，把轮廓打开，把慢动作关上就行了，辅助模式打开，路痴就把全地图打开，然后把复活打开避免高血压，实在打不过可以适当调低敌人伤害与血量，尽量别开简单招架，再点视频，把攻击提醒拉到最大，再点控制，把摇杆改成固定摇杆，键位大小自己调就差不多了<br />该讲缺点了<br />bug多，目前主要是闪退或乱码，大退重进就行，最常见的是音效错误，除了有时候有点吵之外基本不影响，存档丢失的话只要不换手机就没事，丢了也是小事，重新打就行，实在不行就挂哥理赔，购买方面的bug嘛，不换手机基本上遇不到<br />客服太拉<br />记得一定要多看攻略多练练，一定要定期上传云存档,22,2024-10-03 16:32,华为 Nova 5 Pro
657150301,FBM大队长,2,老是竖屏，不知道怎么搞的，玩法还可以,2,2024-10-03 15:44,华为 Mate 30 5G
643034113,青,4,怎么换成b服了？taptap？？官服我买了套餐的，别搞我啊，游戏本身好玩，但你别在这地方恶心人,,2024-10-03 09:30,OPPO PEGM10
421729448,。。。,5,打击感贼好，孩子很爱吃,2,2024-10-03 07:53,红米 Note 9
358497321,熏.,5,这游戏第一次下的时候就已经全买了，但是为什么我玩着没什么兴趣,,2024-10-02 16:31,Honor X50i 
407596326,君子与酒,1,nb，哥们买了之后删了，现在想重新玩一下，号没了，那么些钱白花了，纯有病,5,2024-10-02 15:20,Vivo V1963A
413038588,老宫本,5,后面有点难打，但是打的很爽， Boss细胞跟周目一样,1,2024-10-02 12:56,华为 MatePad
12748791,囖,5,玩到现在五细胞其实没啥好说的，之前合起来基本上是100次以内就过了，到五细胞，完蛋，出不去了，然后偶尔玩玩偶尔玩玩，全是受苦，需要异常熟练才行。总体游戏非常优秀，值得入手，至于bug，我还真没经常遇到过，就一年前一次乱码。,2,2024-10-02 02:37,小米Redmi K40
636147315,困困,3,为什么我打完山洞什么都木有,1,2024-10-01 22:53,Honor Pad V7
389074276,yu,3,2024还还会出现这种情况,1,2024-10-01 21:45,未提供
70986353,读客福柯魔法,2,左摇杆不能调大，闪退就一直卡住，垃圾优化😅,2,2024-10-01 19:03,Realme真我GT6
456608749,澄思,5,怎么说呢本人炸了五个存档也是非常好玩刚开始玩还行后面你就感觉没意思了,,2024-10-01 16:20,Vivo Y53t
606733619,北纬30°,1,对新手及其不友好，各种打不过，钱白花,4,2024-09-22 08:32,HONOR Magic6
467376986,蕾姆,5,这个游戏还会更新吗，为什么我看到有人说好像不更新了,,2024-09-30 21:49,Vivo IQOO 11S
2755392,未白,5,我是没有碰到bug，<br />缺点是手游摇杆操作体验就是一坨,,2024-09-30 21:10,Oppo A58
418310277,一败涂地,5,手感非常好，玩起来很爽快。背景音乐和画面浑然一体，让人很有代入感。美中不足就是有时候会出bug。,2,2024-09-30 02:32,未提供
676045949,可乐,1,宝宝模式拿下！游戏五颗星，买了不到10天降一半差评。可以是8折，不接受5折😭😭😭😭😭😭😭😭😭😭😭😭😭😭😭😭😭😭😭😭😭😭😭😭😭😭😭😭😭😭😭😭😭,3,2024-09-24 23:39,Realme GT Neo2 5G
672511559,孤独不估读,4,好玩但是bug多，作为一个单机游戏，一年不玩就删号而且需要重新购买的规定也太那啥了,,2024-09-29 08:27,Vivo IQOO 12
50668801,寒氏封心,4,为什么有时候背景一直在闪，闪的我眼花,1,2024-09-28 23:38,Redmi K40 游戏增强版
547430520,User547430520,5,好久没玩登陆给断了，但是我B站和top，top的号不是一个人的，我登不了，但是我手机又收不到短信。我自己也不确定我之前玩这个游戏是用的谁的号。现在玩不了了,3,2024-07-18 10:00,小米Mi 10 Pro
596620831,暴龙战士,4,游戏是好游戏，所以这个乱码是什么意思怎么解除啊,1,2024-09-28 00:03,Vivo IQOO Neo8
33783182,奶香一刀。,3,怎么下载会限速嘿，其他游戏都不限速，下载这个几kb的跑😨,1,2024-09-27 20:19,未提供
412701683,浮きみの夢の中,5,之前的细胞号绑的bili号没了，怎么找回来啊？,,2022-08-16 10:33,Vivo IQOO 12
654571391,小瑜,5,动作性拉满了，非常有可玩性,1,2024-09-26 21:18,PTAC MIZ-BD00
439432530,Oblivion,1,不是我号怎么没了,8,2024-09-26 20:46,Vivo IQOO Z7x (m)
583569224,∑13tap,2,如果说优秀的游戏可以是一件艺术品的话，那这款游戏仅仅是一款普通的游戏，仅能提供少许乐趣。剥去各种华丽的操作，在熟悉了怪物的攻击方式之后，这个游戏的操作逻辑就剩下一个：反应。逆来顺受。怪物攻击频率高，前摇短，索敌范围大，机动性和侵略性强到离谱，还有大量能穿墙攻击的远程怪，配上各种阴间的地图陷阱和机制，再加上小怪又多又杂、扎堆站队，boss出招也变幻莫测，还有随周目数膨胀的debuff，让游戏从一周目的“打怪升级”到多周目慢慢变成“反应测试”，就像在做一张错一道题就零分的试卷一样，所以你能从这个游戏获得的乐趣，取决于你的反应速度和专注状态。低容错，拼反应，追求无伤速通，照这样玩两把就很累了。<br />白金、无伤，速通，都是一小部分深度玩家喜欢追求的玩法，大部分休闲玩家都是愉快地体验完游戏内容，然后通关啦，下一个游戏。所以我认为无伤门和速通门这种东西根本就不应该在正常的单机游戏流程里出现，或者说这东西不能也不应该和游戏内容绑定得太深，因为这种玩意会大大破坏游戏的代入感，但这个游戏的许多游戏内容都要要通过这两个门来开启。这样想来，这游戏的作者真是有某种恶心的怪癖，强迫玩这个游戏的人都得按同一套标准游玩：速通、无伤。当然，没有东西可以十全十美，这些休闲玩家的减分项，也是其他喜欢挑战的玩家的加分项。<br />辅助模式和细胞解锁机制让我感觉非常违和，我非常不理解难度向游戏内置官方外挂的意义...为了迎合各种类型的玩家？可这个游戏的所有内容都在和“迎合”这个词唱反调，作为休闲玩家，我不会也不想开这种东西，因为我觉得这相当于给自己拴链挂牌...至于细胞解锁新内容这个机制，也许是特色吧，但我感觉有强行延长游戏时长的嫌疑，图纸+细胞=武器？<br />游玩逻辑类似的空洞，小骨，我可以很轻松地代入角色，喜怒哀乐形于色，我喜欢这样的游戏，像是一件完成的作品，艺术品，乐趣是由它赋予的，sw细胞对我来说更像是一张测试反应力的试卷，乐趣是由我自己赋予的<br />这个游戏也许不是一个好玩的游戏，但他肯定是一件优秀的商品<br />这个游戏应该值得三星的，但鉴于它提高了我血压的平均水平，扣一颗星,55,2024-09-26 05:24,一加手机PHP110
624563749,138428,5,包红温的但还是爱玩(｡･ω･｡)ﾉ♡,,2024-09-25 22:20,华为 nova 7
48382022,手机用户48382022,4,Bug又多，又不修，主机版已经停止更新，手机什么时候才能更完？,2,2024-09-25 20:04,Vivo IQOO Neo9 Pro
406772012,青淮,3,bug挺多的，官方也是真的摆烂，也是真的不管，其他没话说，总而言之还是挺好玩的，入手之前多考虑,1,2024-09-25 07:55,Honor 80
656582152,H.,5,我只能说好玩爆了<br />🥊打击感：<br />特别好<br />😵游戏难度：<br />可以自己调,3,2024-09-24 08:37,一加手机Ace 3
65798797,风筱渊,1,我掏全价买全部的DLC。结果删了下回来之后又要我掏钱。😅,6,2024-09-24 08:30,Honor X50 
1860939,seaut,1,给我气笑了，刷了一个半小时，找了二十多个符文，一个橙色红武，见到关底boss一刀给我砍半血，好容易熬到快没血了，一个天降正义给我砸死了，砸死又重新刷，跟上一把一样的流程一样的攻击模式就剩下两个道具不一样，刷一个半小时，还是给他一刀砍死，这boss七八个技能伤害还这么高竟然没个存档点？打击感确实好像素风也好看，但就这重复度真想不明白什么样的高手能一遍遍刷只为背板过了这boss。,6,2024-09-23 22:23,未提供
557217287,江宏承,4,肥肠好玩，就是只能试玩，后面的要钱,,2024-09-23 20:33,HUAWEI MatePad SE
541405511,NGC2699,5,也算是个牢玩家了<br />画面精致细腻，打击手感丰富<br />唯一不足的，是阉割了PC端的阴影效果<br />总之，就是好玩爱玩👌🏻,2,2024-09-23 11:25,Realme GT Neo2 5G
668729715,穷公子,5,好玩 爱玩,1,2024-09-22 23:31,Honor X40 GT
339998577,入戲｀太深,5,DLC需要花钱，毕竟是海外游戏，但是可玩性非常高,1,2024-09-22 22:10,Redmi K70 Ultra
72687209,Səni sevirəm,3,能不能让手机的摇杆可调大小😅,4,2024-09-22 17:33,小米Xiaomi 14
364429664,浮云,5,建议加强辅助模式,2,2024-09-22 15:00,小米Redmi Note 7 Pro
675454048,哨歌,5,🕹️耐玩性：希望能多一些新的buff，目前现有的buff感觉太少了，而且武器也感觉不太够手机版的<br />🎲随机性设计：基本上每次开图都是新地图<br />除了恶魔城，目前还没体验过外，其他都体验过了还可以，但是没有阴影渲染和裁缝师的更新，这点挺可惜,1,2024-09-22 12:07,Honor X50 
66622389,小白驹,2,什么时候修乱码的bug什么时候给高分,1,2024-09-22 09:53,Vivo IQOO Neo9
416060406,我,4,这个是官服吗,,2024-09-21 23:07,OPPO R17
581364030,果咩纳塞,5,好玩，但是别忘了云存档😭,1,2024-09-21 22:50,Xiaomi Redmi K60E
631986056,黄泓杰,4,有谁知道这个们的钥匙在哪，找了好久了都不见,1,2024-09-21 00:23,Vivo IQOO Z8x
26388908,叶痕,5,武器搭配可以组合出很多套路，各种打法，但是现在的官方都不管了，爹不疼娘不爱的，看见官方说说最后一个版本，挺五味杂陈的，原来就这么结束了啊，但是好多坑还没填上啊，好多故事都没讲清楚，哎,3,2024-09-20 23:36,未提供
61822818,狩猎逐狼,1,我号呢？怎么又要买了？啥意思呀,6,2024-09-20 21:04,OPPO PFTM20
675877704,0号格力巴,5,值得一玩的游戏，可玩性非常高。画面，音效都很出色。打击感强。,1,2024-09-20 09:08,魅族20 Pro
420724004,🔞,1,之前好像是30购买的内容 当时游戏误删了 下载回来要重新购买 什么都没了这就很那啥 游戏是挺好玩的 但是这让我很恼火,7,2024-09-19 15:50,HONOR LLY-AN00
57658348,冷风,5,我想问一下就是巨人的国际手势是被和谐掉了还是我什么东西没搞好，之前的号绑定的是以前的手机号没了现在打算再买一次从零开始嫉妒第2次购买时间2024年9月19日01:41,,2022-10-18 14:15,红米 K70
569509976,不爱吃芥末酱的怪兽,5,你完结了，但我还会一直玩下去的！各位细胞们,1,2024-09-18 21:12,未提供
557589184,淡白至极,4,五细胞最近才过，也挺耐玩的但是为什么一进王后与海的DLC就乱码啊我才拿的4倍金咒刃就这么没了，重启这些都不行……,2,2024-09-18 17:39,未提供
493801757,Redeemer,5,神中神，肉鸽游戏巅峰但是唯一缺点是移植版不如端游,1,2024-09-18 11:30,华为HONOR View20
82048842,剑起\梨花落,1,合着我买完了还得再买一遍？,3,2024-09-18 03:25,一加手机9R
441121051,虚空成形,5,停更了……怎么说呢………<br />既是意料之中，也是意料之外<br />意料之中是因为单机买断会停更是再正常不过的事了，各大单机买断都这样<br />意料之外是停更的原因…………我不好说,8,2022-10-03 17:46,华为ANA-NX9
446906339,蓝汐╭(╯ε╰)╮,5,这个废弃的酿酒厂究竟怎么过去啊😉😉😭😭，没有看到有路口可以进去,2,2024-09-17 20:16,Vivo V2068A
36452310,taptap元老,5,打到观星台了，我推荐一个能隐身的戒指挺恶心，玩的不好的人我强力推荐。国王之手还是挺难的，观星台迷路了,,2024-09-17 13:07,Vivo V2020A
398617520,愿大家高考加油吧,5,在手机ui处理上的神，玩起来非常舒服，虽然有着修了多年祖传bug，但这个移植做的非常diao了。<br />而游戏更不必说，类恶魔城肉鸽游戏的典范，现在永久打折肯定不亏，并且这游戏随时随地存档（喜欢我无限存档打收藏家嘛😁），当初真给我玩笑了（很欢乐）。前期有些难打，但可以开自定义玩，使得前期也可以有爽点，不那么坐牢。<br />但开自定义与存档无疑会缩短游戏热情，慎重考虑（为啥只显示我玩了70分钟啊😖）,2,2024-09-17 10:08,未提供
106772956,手机用户106772956,1,有病吧，我半年不登，今天登上去之前买的DLC没了，云存档上有存档，但就是没有DLC了，差评,4,2024-09-16 23:27,Vivo V2148A
4736266,┾断┡ē誸,1,固定摇杆是不是没了？,4,2024-09-16 21:10,Vivo X100
666386286,枭首yx,5,论未来有多少肉鸽游戏，它永远站在肉哥游戏的尽头,2,2024-09-16 20:41,华为SEA-AL00
518730978,素不适画漫,5,虽说对小时候的我来说可能这游戏只适合看，不适合玩，但还是把白王拿下了，可现在再打开这个游戏，更新了许多dlc，玩法也和当年一样，只是再也不能像小时候玩的那么上瘾了<br />😵游戏难度：<br />无伤玩法挺有挑战性<br />🕹️耐玩性：<br />很耐玩的,2,2024-09-16 19:20,Xiaomi Redmi K60 Ultra
22028502,忽方十四悠,4,移动键老是滑着滑着断掉了判定不到，我记得之前不是这样啊改过了吗,1,2024-09-16 12:40,Honor Play 4 5G
450976581,？,5,手机还是麻烦了点,1,2024-09-16 11:57,华为P20
638408493,退退退,5,打击感爽歪歪<br />🕹️耐玩性：<br />前期玩的心态爆炸，后来发现爽了，前期是自己操作菜了😂😂😂😂,2,2024-09-16 07:21,华为 Mate40 Pro
125548492,𝓁𝑜𝓈𝓉 𝓈𝑜𝓊𝓁,5,玩法设计得十分不错,1,2024-09-15 23:03,Vivo IQOO Neo8
565460716,小岩,4,值不值三十米子啊，体验感觉可以的,,2024-09-15 22:02,HONOR CLK-AN00
552789054,京,5,太好玩了拿个咒刀直接被打死了,3,2024-09-15 21:39,华为P30 Pro
671859917,一名游戏新人,5,啥都行，就是太难了。手残党别玩了<br />😵游戏难度：<br />很难,1,2024-09-15 10:12,三星Galaxy C9 Pro
435161294,天,3,怎么说,1,2024-09-15 09:04,小米24069RA21C
520984560,嘿嘿～嘿嘿嘿,5,🕹️耐玩性：<br />特别耐玩，但是要接受的游戏的高难度和单机游戏所产生的无趣感。<br />🎲随机性设计：<br />顶<br />😵游戏难度：<br />很难<br />🥊打击感：<br />一流<br />⚖️平衡性：<br />单机游戏玩爱玩的<br />🎮可玩性：<br />极高<br />🌃画面音乐：<br />说不出是不是特别优秀，但是很有特色，个人觉得很不错<br />🔖运营服务：<br />可惜游戏已经停止更新了<br />✍🏻建议：<br />快把3.5给手机更了吧😭,1,2024-09-13 19:53,HONOR 100 Pro
600710659,各个地方,5,为什么打完诺手没有细胞呢？,,2024-09-13 16:10,OPPO A56 5G
596663299,jerryzhijie,3,也不知道这辈子能等到手游更新3.5不能,3,2024-09-13 11:54,Vivo X Fold3 Pro
104462120,闲鱼,4,挺好玩的，成就感满满 就是有点贵，，但我也是拿下了全部版本了,1,2024-09-13 08:02,Vivo V2036A
671890572,叁肆,4,玩两周了，挺好玩的。<br />推荐搭配手柄，手搓屏幕还是太难受了。,1,2024-09-12 22:47,Nubia Red Magic 8 Pro
370672922,Tang,5,游戏是好游戏，我个人是通关《空洞骑士》后转来的，打击感和画面表现力很强，色彩很丰富，剧情也很优秀，有着魂类游戏的碎片化剧情。对于新手和手残党也很有照顾，可以调节难度。但对我个人不太友好的是，画面中的要素过多，在敌人过多时，各种攻击弹幕让我看不过来，所以有点不舒服，有些劝退我。,1,2024-09-12 22:33,未提供
552784552,北初,1,真是有毒两个存档都这样 一个二细胞和一个三细胞😭😭😭 官方不作为 已经有很多人这种情况 很多人不管是换手机重启手机都没用😓😓😓 这件事情没好前想买来玩的都别买这游戏了 死在boss手上小怪手上都没官方不管更不爽了😡😡😡<br />🔖运营服务：难评<br />🎮可玩性：非常好玩,6,2024-09-10 21:47,小米Mi 11
16129506,ゝRyan丶Wang,2,不太好玩，习惯双手摇杆式的,2,2024-09-12 19:57,iPhone 13 Pro Max
58610304,꧁ཌༀ皮卡丘͡ꦿ໌້۵,1,手游和端游我都有，游戏我也很喜欢，每天下班无聊的时候晚上开一把，可惜了就是没有联机，官方也一直没办法做，现在好了，后续只更新一次了，游戏带给我的回忆也很好，可是现在我有天不想打开电脑的时候，突发奇想我有手机端，点进去还没彻底进去就给我弹出，我以为是手机的问题，又试了一遍，结果给我跳出一个白色的报错，然后我就换了个手机试，最后实在没办法在网上询问的时候才发现手机端的这个问题，现在也退款不了了，后续游戏应该也不会更新这个问题了，所以我希望还是谨慎购买手机端，游戏是好游戏，也承载了我许多的回忆，所以想企业的各位尽量在PC端体验一下吧😊,5,2024-09-12 17:44,Vivo V2048A
419516813,黑,1,能不能把跳跃键失灵的问题修一下,3,2024-09-12 17:15,Redmi K60
581769760,tw,1,这游戏的摇杆方向盘控制太垃圾了，简直就是一坨💩，而且一个动作肉鸽游戏，你把下一关的入口藏那么隐蔽干什么？还要找钥匙，我真是无语了😅,4,2024-09-12 15:50,红米 K70
427722793,piu~,3,🕹️耐玩性：<br />真的非常耐玩，对新手来说不太友好（比如手残的我）去年开始玩，第一次下载，我是被画面吸引的，我很吃这种风格，也第一次玩这种类型的游戏，感觉很新鲜，花了三四十解锁了大部分的内容。但是操作难度感觉是真的大，我初始选的刀和盾，招架十次我有六七次都不成功（其实可以在设置里降低招架难度，但是我喜欢原汁原味的，又菜又爱玩）因为太紧张了所以总是手误，怕死，一死就从头开始，所以打的很慢，但就算这样我玩的前一周连第一个关卡都很难过去，第二个关卡压根玩不到50%，后来心态放平，初始武器和其他的一些东西升级的好一点了才慢慢可以打到最终boss关。<br />但这么好玩我为什么只给三颗星呢？因为我换手机之后号没了呜呜呜呜呜，我的进度全没了，我的天呐根本不知道怎么找，玩的时候也不知道这种游戏要备份进度的啊，没有提示，真的心死了，一切从头开始脑子嗡嗡的，有知道怎么恢复的可以告诉我吗，太谢谢了,34,2024-09-12 13:06,Huawei Pura 70
340512164,User340512164,5,好玩，可惜了，没买就只能打打新手关,,2024-09-11 19:00,未提供
42781349,终了,5,为啥不能用tap直接登陆了 啥东西都得重新买 付款记录还有,,2024-09-11 16:36,Honor 30 Pro+ 5G
105495639,张小白,4,重生细胞，pc端叫死亡细胞。一开始见到这个游戏，正是我酷爱像素游戏的时间段，我的个人习惯是，如果见到一个看起来不错的单机游戏，我回先去玩学习版（）如果真的很对我胃口再补票。<br />所以我先在pc端下来玩了玩，很是惊艳。该游戏重点特色在以下几个方面：<br />1.世界观、美术、音乐设计<br />2.肉鸽玩法，多武器多打法多地图类型<br />3.和其他游戏的联动（我个人比较喜欢的一点，因为玩着玩着总是会碰到一些特殊房间，很新奇）<br />扣除的一星，在游戏存档上，这个好像怪不了游戏。因为游戏是b站账号登录，我看了看登录时同意的协议，里面有说：为了服务期的优质稳定运行，一年内不登陆账号的会清楚存档。哇这个真的很难受，以前打的东西都没了就需要重新玩。,1,2024-09-11 16:13,华为P40
9653186,yo,1,都还行 但是跳跃间歇性失灵  固定摇杆位置无法移动 很影响操作体验和心态  （steam500+小时）,1,2024-09-11 15:09,小米Xiaomi 13 Ultra
673794527,未曾谋面,5,超级好玩好吧，玩过一些肉鸽游戏，但细胞给我的感觉真的是独一档的，举个例子，比如说元气骑士，虽然也挺好玩，但是和细胞比起来打击感没那么强，操作感也没有细胞那么强，细胞的武器玩起来很帅，每种武器攻击动作是不一样，攻击节奏也不一样，变异和不同种类的武器搭配起来有很多种流派，每种怪也有不同的攻击方式，打BOSS的话，无伤可能要多存档，正常打的话，不难，一开始确实有些难度，但就算是手残党，也可以选择比较无脑的搭配，实在不行就自定义，也有辅助模式比较照顾新手，玩了也有五六百局了，游戏时长两三百小时应该有，从一开始打不过三刀哥，到后面无伤收藏家，然后一直收集图纸成就，玩久了之后，虽然没有以前那么大的乐趣，毕竟不是大型的游，肯定是会到头的，但是心情不好的时候拿出来玩一下，确实很放松，听说细胞以后不会再更新了，有些遗憾，但就是这样的，总会结束的，个人认为细胞是个神作，就算达不到顶尖，也是很强的，白给者，大眼，虫母，死神，稻草人，时守，巨人，王手，三姐妹，收藏家，女王，德古拉，都打了很多次，可能后面出的几个dlc打的会少一点，但基本上都打过挺多次，记得最初觉得比较难打的是王手，死神一开始不熟悉，也觉得有些难，后面的是德古拉，都过啦，主要是攻击方式创新了，像女王她有一些技能都是抄收藏家的，但是灯塔dlc的三姐妹还有玩法是比较创新，总的来说，每个都有一些创新吧，也有些和以前是一样的，入坑绝对是不亏的,32,2024-09-11 04:38,Vivo IQOO 12
325955585,久醉绕心弦,3,过分了嗷，又崩一个存档，是不是针对我，这次还不一样，还在打这就崩了,1,2024-09-11 02:23,红米 K40 Pro
438103030,秋词,5,想要加联机模式，可以联机就能很多人一起玩了,1,2024-09-10 23:21,一加 Ace 2 pro
332343699,さようなら,2,乱码，赶紧修复,11,2022-10-04 22:21,华为 Pura 70 Pro+
439906573,骄傲的小s猪,1,之前买了taptap登录玩了后删了，现在又想玩发现又变成哔哩哔哩登录了要重买，不是永久买断吗？？？,7,2024-09-08 18:24,Redmi  K70 Pro
7027975,User7027975,3,你管这叫单机游戏？台风一过网络信号完全没有 联网才能进游戏 没有网络不让进什么鬼东西啊,1,2024-09-08 14:07,小米 9 透明尊享版
83316626,User83316626,5,为什么存档会有登不进去的情况？,,2024-09-08 00:07,Realme真我Q3s
552167673,是倾云呀,5,打击感很强，用来打发时间很好,1,2024-09-07 22:08,华为Nova 3i
398361952,浮生.,5,云存档和本地存档没了没了怎么办现在换设备了dlc还在但游戏数据啥都没了,,2024-09-07 21:26,Oppo A58
341687653,薄,3,作为一个单机，不能不用联网就玩😂,1,2024-09-07 19:33,OPPO Find X7
526596144,佚名wxx,4,看到有人说一年不玩就会登不上，就赶紧下回来看了看，还好登上了<br />第一次看到这游戏是在电视上，感觉游戏还不错，就是一些地方不是很好<br />比如乱码之类的以前有，现在还有（看其他人帖子知道的）😹,2,2024-09-07 19:23,Redmi K60
474273859,巳霖,5,bug是真的多，我的号无法登陆存档也被卡掉，四个细胞只剩一个，导致退游，现在...我还想再试试，来吧（游戏时长是因为我以前在b站下载的）,,2024-09-07 14:38,Vivo V2166BA
501135482,88,1,我之前的那个账号不知道为什么被顶掉了，我可以保证的是被顶掉的那个账号和这个账号是同一个手机号，可是为什么会出现这种情况,3,2024-09-06 20:10,Huawei Nova 9 SE
546187037,L,5,恶魔城 6.4 巨款 4 折拿下,,2024-09-06 17:43,小米MI 8
61298943,无垠三百,2,5折买的，只能说5块买都不值，别说他原价30了。买完就后悔，然后想退款，结果这么说，很抱歉呢，没有退款这个选项～没办法 只能玩了，结果开始还好，越玩越腻，也就个把星期左右吧，现在已经不想打开了<br />还出过好几次bag来着，一次是说什么来着，反正就是进不去，然后网上一搜，需要你重启手机……<br />还有上次上线一看，要我重新买本体，30，好家伙，下我一跳，重进游戏就恢复了<br />还有黑屏，全黑，没法只能重进。<br />bag种类挺多，来的我觉得算多了，毕竟出了也有几年了，还能有这么多问题，关键还在我买完游戏后没多久集中出现……很无语。<br />最无语的还是不能退款……<br />感觉是这类游戏的通病？删了下回来存档就没了，很无语,15,2023-12-28 01:28,Redmi Note 11T Pro
1457983,孤傲南桉,3,单机游戏不能单机游玩真的挺傻的,1,2024-09-06 14:45,Vivo V2049A
644200469,叶zy,5,电脑上打了500个小时，耐玩的，欢迎新人！,,2024-09-06 14:12,HONOR Magic6
51539010,孤山,4,还行吧，手机能打个不错的肉鸽要啥自行车。不过dlc买了之后却发现自己没啥兴趣了😂,,2024-09-05 23:03,未提供
36503623,o(≧v≦)o,5,好玩哈哈哈,1,2024-09-05 21:06,HUAWEI Nova 9
532843319,눈_눈,5,太好玩了，治好了我的低血压（,,2024-09-04 21:36,Oppo A58
7670572,沅逃,5,豪玩,2,2024-09-04 20:19,iPhone 13
586955183,yzbdt,5,很好玩的手感很棒玩起来很爽可玩性高,2,2024-09-04 20:15,HONOR 90 GT
585182295,叶小芸,5,这是啥？,1,2024-09-04 19:04,Vivo IQOO 12 Pro
468061322,落花,1,建议别玩，别买，有bug，进不去,1,2024-09-04 17:38,Vivo IQOO Neo5S
570150451,咲龙绘子,4,好玩是好玩但操作设置是真的一坨 希望能改进一下操作系统让手机更好操作,1,2024-09-03 21:15,未提供
657279890,refree,5,真的好玩，就是前期很难受,1,2024-09-03 17:01,Vivo IQOO Neo9S Pro
43603026,桃川白,5,为什么更新之后，反而会卡在加载的进不去呢,,2024-09-03 14:12,小米23090RA98C
453331976,繁星,1,更新完就这样了，狗屎,3,2024-09-03 07:27,Nubia NX709S
534138052,这种,3,换了个手机就这样了,2,2024-09-02 23:38,未提供
445414777,鸡蛋里挑鱼骨头,2,我之前是TapTap登录，现在要B站登录了，号没了，还要我再买一次？,13,2024-09-02 19:11,未提供
53869536,温柔,3,很多人都吹很神，但是真没感觉好玩,1,2024-09-02 16:07,Vivo IQOO Neo9S Pro
450841305,惊鸿天问,1,不是我以前买的它直接给我变没了?合着我还得再买一次?,8,2024-09-01 20:26,Redmi K60
417692178,熟悉的寡妇村,5,喜欢肉鸽的死亡细胞真的不容错过,1,2024-09-01 18:20,Realme GT Neo5 SE
502215765,Mortal·Sunny,5,游戏很好，而且有小彩蛋。而且也挺耐玩儿的。还有很多的boss可以挑战。是一款很好的游戏。手机端和电脑端都打通了十分耐玩。而且这款游戏比较长寿，所以呢，b站上各大视频平台都会有教程，打起来也不算困难，还有辅助模式。啊，这游戏比较简单，而且还挺好玩的，十分推荐,10,2024-09-01 15:51,华为荣耀8青春版
513646867,决斗者,1,***，是吧？<br />更新完就这样了。,4,2024-09-01 15:14,Realme真我GT6
431697997,不喝不酸的酸奶,5,不是，我以前用tap tap登的，现在怎么找回账号呀？只能用B站登了,,2024-09-01 13:42,IQOO Neo6
402322140,兔兔,5,啥时候出新的D L C 长草了,,2024-09-01 11:53,Vivo IQOO 10
385312170,橘子,5,至今没有解决适配问题，马赛克有人知道怎么解决吗,,2024-08-31 23:44,Vivo Y77
588549485,amns,2,真的服了，阿鲁卡多的配剑就不让拿了是吧，每次打那个恶魔城隐藏模式打完之后就这样，重进还是这样,3,2024-08-31 23:10,iPhone XS
354456923,？？？,5,国王之手太难了！！！,,2024-08-31 21:24,OPPO Reno3 Pro 5G中国版
420671608,User420671608,5,五细胞白王十分简单,,2024-08-31 10:57,OPPO A9中国版
578019093,白发尾,1,难，玩法太重复，画面和音乐没毛病，剧情也就一般般就这样了，没有吹的那么好，还有就是这个操作真难受,3,2024-08-31 04:00,Vivo IQOO Neo7
411711491,天晓,1,我之前已经购买过dlc，但是他现在居然让我再买一遍？我不理解这是为什么，所以说哪位大佬能告诉我怎么重新找回账号，在线求,2,2024-08-31 02:59,Vivo IQOO Neo7
486280513,02,1,你怎么还在看差评<br />赶紧去玩吧，暑假快结束了，哦，不，已经结束了,5,2024-08-31 00:41,Vivo V2203A
517215397,明神亚贵,5,还可以挺好玩的，不过对于我来说还是有点难，不过还是挺推荐的！,1,2024-08-31 00:31,Honor X50 
410623386,夜末枫枯,1,真好玩，太久不登账号没了，所有DLc都买了现在DLC全没了,4,2024-08-30 22:58, iQOO Neo7 SE
555125296,030303,5,我就一直想问 为啥通关了但是没有细胞 也不是自定义模式啊,1,2024-08-30 22:43,未提供
629910370,User629910370,5,这游戏值不值得买？,,2024-08-30 21:11,OPPO A11中国版
658835773,LTh,5,确实挺不错的,1,2024-08-06 15:45,Vivo IQOO Neo9S Pro
440666553,你名字很难。,5,游戏是个好游戏，可惜一直在这背刺我，应了那句老话，早买早享受，晚买享折扣,,2024-08-30 16:19,iQOO Neo5 SE
24801605,Tooooot-AYUEX2,1,无限闪退，只能通过手机系统降级才能玩。都这么久了，为啥还不更新补丁🤬,1,2024-08-30 13:00,未提供
348541570,耶格尔,5,怎么一直闪退不让我进,1,2024-08-30 11:24,未提供
568887013,康康,1,不是闪退什么玩意,1,2024-08-29 22:09,Vivo IQOO Neo8 Pro
599651315,岁月静好,5,这款游戏<br />🥊打击感：<br />很好,,2024-08-29 20:18,华为平板M5青春版
435573929,川,1,先聊聊吧，我在高一的时候班里就有人入手了这游戏到现在四年多过去了……（人面不知何处去，桃花依旧笑春风）<br />高三时班里有人下了这，（我也没玩，他咱比不了啊，人家王者贵十）<br />游戏不错，价格方面也可以属于能接受的（不说什么连王者皮肤都库库买，却连这点钱都不愿意掏，你说这个咱就没啥聊了，说句难听的，人愿意充王者吃鸡原神对吧，咱也管不着，萝卜白菜，各有所爱。你如果想试试买断制的话，我觉得可以去考虑一下艾希（18块还不错），细胞也可以）<br />价格:本体30，三个dlc18，第四个dic16。前段时间本体打折没赶上。（这肯定大家都注意）<br />目前还在摸索这个游戏，不过已经算入门了吧，我对这个游戏还是投入较大关注。<br />怎么说呢，这个游戏PC端已经是最后一次更新了…没圆满，还是不少缺漏（笑）<br />最后手机端肯定会和PC端同步然后……（笑）<br />PC端官方搞了很恶心人的事情但负责手机移植的和PC端官方无关<br />挺感慨的就……你问我值不值这个价，我会告诉你，值。<br />游戏体验:普通玩家不需要担心手部乘区，因为这游戏可以调难度，开辅助模式（宝宝模式）怪物血量，伤害可以降低到20%打起来还是相当容易的，<br />剧情方面较为零碎，需要你去一点点找，对于爱当盾构机的玩家还是相当友好的，<br />除此之外，重开之后的关卡具有随机性，虽然还是有容易让人玩腻的可能，不过我觉得那估计要很久了，里面有些关卡确实难，但我觉得无伤大雅。<br />记住!收集符文!!这肉鸽游戏里复活后收集到的符文依旧生效!!!b站有教程，也可以自己去摸索。<br />只能说音乐不错，不过一听到音乐，耳边就是响起到肉的打击声，有点肝疼。<br />现在，我给它打一星，为什么？看nm的差评，给老子玩去。😎,188,2024-08-29 16:23,未提供
59174878,天道超,3,游戏很好，手机版玩得不久，之前都在电脑steam上玩，相比于电脑版，我感觉手机版的操作颇为不便。（也许这就是手残党的噩梦吧）到现在我还是三细胞<br />武器方面打击感和PC端同出一辙，就是重武器我玩得比较难受。<br />游戏bug颇多，PC端没有遇到的都遇到了，扣一星。<br />操作方面键位比较不习惯，毕竟手机端嘛，总是一个翻滚翻到敌人面前，然后被一套组合拳，当场去世（我大意了，没有闪）<br />刚进游戏的萌新（建议走绿流），被搞崩了不要急着删游，玩多了自然就能过了。<br />最后希望官方多修bug吧<br />————————————————————<br />玩了快500小时了，皮肤武器符文技能都收集完了，dlc都打完了，你这乱码bug还不修，国服运营就是能处，说摆烂它是真摆烂！,111,2021-03-23 22:05,未提供
671567905,mxnc,5,买断式魂类游戏，记住买断制，游戏剧情耐玩可玩性强，建议入手。,1,2024-08-28 23:12,荣耀畅玩 20
437863363,黑玫瑰Rose,5,从21年玩到现在，多么好的一个游戏啊，但被MT搞的停更了，多可惜呀,3,2024-08-28 19:54,Honor X50i 
482773752,玛卡吧卡,4,换了个手机存档没了怎么办,,2024-08-28 19:19,红米 K70
475205382,Smile,5,BOSS细胞怎么获得啊，我打完了往王座之间可是要BOSS细胞,,2024-08-28 18:37,Honor X50 
669534996,gofaraway,5,非常好的游戏，使我,4,2024-08-28 18:04,Vivo IQOO Neo9
444411905,玖亦待风归,4,毕竟是从端游移植过来的，还是很好玩的，就是操作有点难,1,2024-08-28 15:59,Huawei nova 7 Pro
120014231,User120014231,2,之前玩后面删了，大概就两个月前，现在又下回来号没了，还让重新买 服了😅😅,2,2024-08-28 14:50,未提供
425050051,User425050051,4,这啥意思啊,2,2024-08-28 10:28,Vivo S19
628297675,康康,5,音乐完美，游戏好玩,,2024-08-28 00:26,OPPO Find X7
423120072,曙光,5,先按套路过关拿白王，然后把所有无伤有<br />也试着打完，操作熟练度上去了，自己开发玩法，想咋玩咋玩，地图里的怪就是最好的实验对象，开始第一关打不过很正常我0-5细胞我在第一关死了一两百次，现在全皮肤全武器,2,2024-08-27 20:22,小米Xiaomi 14 Pro
413512320,以尔里斯,4,22年入的，当时很喜欢，基本上每天晚上都要打一把，打了一两个月吧，终于打到白王了，皮肤和武器也收集得差不多了<br />🕹️耐玩性：很棒，细胞无疑是一款成功的肉鸽游戏<br />一些缺陷：闪退，特别是打王后那几关的时候（名字我忘了，太长时间啦）,1,2024-08-27 19:54,华为GLK-AL00
12778148,Mr.清風,2,游戏摇杆很迷，操作起来非常吃力。前期坐牢。,3,2024-08-27 16:04,Realme GT Explorer Master Edition
471922525,DOUBLE   Life,5,豪完,1,2024-08-27 14:58,Honor 70
557668412,牛逼的很,4,这游戏就是想玩的时候又不想玩，不想玩的时候又想玩。不过真的好玩，每一个场景都非常的酷炫。当你打不过的时候来自官方的一句“菜就多练”。嘻嘻！！！真心推荐确实好玩<br />！！！,1,2024-08-27 12:24,Hi nova 9 SE
57486214,雨.,5,鞭尸就算了，还打着打着不让打了,2,2024-08-26 22:41,Realme GT5 240W
544290340,希望与绝望,5,我超喜欢用盾牌的 太好用,2,2024-08-26 19:11,OPPO Reno标准版
22790945,风吹叶落,1,我真服了连续俩次卡加载乱码 第三次进都进不去直接闪退6,3,2024-08-26 18:28,Vivo IQOO Neo8 Pro
437734677,悲寂寥,5,为毛我的游戏突然没了，重新下载还安装不了，内存是够的啊，我还要一百多g呢,2,2024-08-26 00:23,Vivo IQOO Neo9 Pro
337899862,User337899862,5,可玩性很高，耐玩度也是可以的，毛病也有一些，总之是比较推荐的。<br />😵游戏难度：<br />从三细胞开始就不知道是什么玩意儿了，变态是真变态。,2,2024-08-25 22:03,Xiaomi Redmi K60 Ultra
56648161,TOP ONE,3,把你游优化下回死？晦气不晦气？16+16G运存，现在内存还有400多G，总是给我报运存内存不够，有病是不是？,4,2024-08-25 21:04,Vivo IQOO 12
566634109,Cx330,5,经典肉鸽动作游戏，好！,,2024-08-25 16:04,Huawei Nova 10
545170236,林檎,2,游戏是好游戏，运营是真装死，端游都3.5了手游还在3.3呢，起码你先把3.4端上来吧？（自从没更新就开始摆了，等了一年电脑端要更新结果官方没个表示，全dlc加本体没打折买的我也没说什么，起码你得更新吧，而不是天天发那个抽奖）就这样吧😂,4,2024-08-24 23:39,Vivo S15e
589688874,有,5,我记得我买过啊怎么没了啊😭😭😭😭,1,2024-08-24 18:32,Vivo V2130A
328559910,囡波W,4,游戏怎么打不开了。。。,3,2024-08-24 16:25,小米Xiaomi 14 Pro
340995750,୧⍤⃝🏀,1,这个点不了啊,1,2024-08-24 14:35,Honor Play 40 5G
445010493,昊昊,5,好玩,,2024-08-24 13:19,未提供
19926117,那年花开,5,这怎么解决啊,,2024-08-24 12:53,Vivo IQOO Neo8
29948104,李洛锡,5,啥时候出新的DLC,,2024-08-24 06:41,Vivo V2046A
512254977,阿楚,1,买完游戏就打不开了，搞笑,5,2024-08-24 00:08,Redmi Note 12 Turbo
412686622,孟浪,2,游戏玩了一段时间，发现自己加载很长的时间也没有成功，手机重启也没有用，不知道是因为什么原因。玩了三天的时间，发生了三次这样的事，每次都是删了重新下载，我都不知道该怎么说，游戏的体验也就一般，在加上这个原因，更是无话可说。,2,2024-08-23 21:34,OPPO A72 5G
603601595,02,5,好玩，打击感特别棒,,2024-08-23 17:47,红米 K70
552394067,兆穷,1,就因为改成b站登录，导致我以前账号不见了。以前都是taP登录的,3,2024-08-23 12:49,未提供
401843090,G纸鹤,5,这游戏挺好的，就是服务不太好，我之前买过b站登录的 后来b站的号登不上去了，重生细胞的号也没了。,1,2024-08-23 12:01,Huawei nova 7 SE 5G Youth
565255362,雨中的旋律,1,不想多说了，刚换了一个新手机，进去游戏全是乱码，玩不了一点。。。。。。。,3,2024-08-23 09:30,HONOR 200
550241006,魈魈不知道哦,5,最近死亡细胞进行了最后一次更新，标志着开发者彻底放弃了这个游戏…,1,2024-05-02 08:35,OnePlus Ace 2
117536423,子栖,3,这虚拟按键真的反人类主要不能改大小和距离,2,2024-08-23 02:05,未提供
634313311,TAL.TI,4,谁教教我一细胞到底怎么打呀？,,2024-08-22 22:36,Vivo Y55t
105741495,智斑修,2,这个到底怎么搞啊？一玩就出这个玩毛线啊我，游戏进又进不去。,3,2024-08-22 14:08,IQOO Neo6
56390873,百年陈醋,4,纯新手，玩的手游版，没看过攻略<br />8.22第一次去酿酒厂，平地走着前面没机关结果从头顶上面蹦出来个桶，六千多的血条两个酒桶给我炸成石了，还是去城堡找钥匙吧<br />8.20 被时光光干烂了，依旧卡在钟楼，敲钟敲了半个点儿<br />23.8.18 零细胞 发现辅助模式，游戏里左上角点开就能看到<br />（目前零细胞打到钟楼，以下是我的理解和新手建议）<br />刚玩的时候一定要熟悉键位，熟悉操作，还有就是这个滑动方向手感不太好，特别是往下跳的时候，总划到手机边上然后就断触了。<br />开局尽量不要拿双武器，多练盾反提高容错率，近战怪盾反时看黄色叹号漂到最高的时候摁，远程怪要看对面那个投掷物到跟前再摁，怪多的时候随缘。多用陷阱和手雷，打不过就扔陷阱手雷然后跑路。<br />前期不要急着通关，可以在地图里多溜达溜达，有商店有宝箱有用来升级的符文。<br />通过一关后有个大NPC能用收集来的蓝色细胞升级各种东西，先点血瓶，把血瓶拉满，小NPC是可以点被动属性，一次只能点一个一共能点三个，第一个BOSS后面那个新加的大NPC是加你在地图里碰到的武器的品质，新加的小NPC可以用金币换武器词条和升级武器品质。<br />有的时候死了之后会在转场界面一直卡着，重进也进不去只能重新开新游戏。,21,2024-08-16 10:08,Honor X40 GT
47599381,魔术师,1,优化优化虚拟摇杆吧，还有攻击方式，难受死了，再不行多整个操作方式也行<br />------------------------------<br />闪退！！！,2,2022-02-06 03:29,Redmi K50 Ultra
28814783,贪      婪,5,之前卸载了现在又下回来想要玩玩，完事就出事了，号没了，我就那几个手机号全用了一遍都不对，唉，挺难受的，这游戏的客服渠道还死麻烦这一点真的不好，找回也一直没消息，什么都反应不了，只能再买一份，真烦<br />五颗星不解释，绝对的好游戏 今天逛游戏库的时候突然就发现了，有点意外，因为这款游戏如果做成手游确实对新手来说上手难度还是很大的，小怪前面可能没问题，到了后面的港湾或者钟楼就会明显发现吃力了，像我第一次玩的时候打个白给者都死了三次也是没谁了，目前pc通关二细胞，嗯。。这个手游和端游还是有些差别的，其实也没必要做对比，不过我也没有恶意，就是给一些人更多的选择吧。<br />首先以前我对这个游戏是把他看做一款闯关游戏就杀怪，就爽，提到爽，其实玩过pc的再玩一下手游就会发现没内味了，真就没内味了，原汁原味的死亡细胞那种打击感体现不出来了，这游戏爽就爽在打击感上，买了手柄可还是选择了键盘，个人感觉还是键盘好用，wasd，jkl键位特别舒服。<br />再后来发现是款“音游”因为你如果这个游戏到后面会有很多道具，包括急影还有一个是啥来着，能闪现的忘了叫啥了，反正那种音效配合上打击感，就特别带劲，越到后面越会发现你的每一次技能释放和打死怪物之后的特效都特别带感，特别有节奏，直接融入星辰大海。<br />最后会发现这是一款跑图游戏😶游戏前期看到怪就打，因为简单而且可以给怪打僵直，到了后面，港湾那关，我套你猴子的，足足卡了我4回，那个船长不打不知道，我专攻红流的攻击不弱，血量也不少，上去打他一下我以为会僵直也没多想就没躲，他给我咔咔咔三炮轮我头上直接打掉我三分之二学，直接暴毙，我当场就懵了，就一口血，这才刚开慌，怎么办，精英咋打。。。 所以这游戏到了后面多半就是利用翻滚和道具跑图，拿卷轴开下一关就完事了。 （有一次100血跑完城堡，快夸我快夸我，哈哈哈） 说这么多也不是说手游哪里不好只是给大家一个借鉴，作为老玩家如果真是喜欢但没有时间玩电脑买手游重温一下也还是很不错的。<br />新手的话随便了 pc买到就是赚到，手游看自己想法（毕竟便宜）<br />pc80促销49（不含dlc），手游30（含dlc） 所以如果单纯体验一下的话买个手游很ok 不过真想试试“死亡细胞”的话还得看pc,6,2021-03-06 08:57,OPPO Find X6 Pro
467650545,白熊,3,哪位大神知道这是怎么回事啊？进都进不去,1,2024-08-21 23:04,Vivo IQOO Neo6 SE
104061292,P.S.Y,5,很好玩，但是自己不知道可以云存档，打的好久的东西和符文全没了😭,,2024-08-21 22:41,Vivo X9s L
60597615,奇迹与你,5,细胞什么时候才能更新啊？我想换头饰。,2,2024-08-21 21:16,Redmi K60
395198070,不语,5,哈哈哈，之前没钱只能在网上找盗版的，而且还是全英文，还好有点英文功底，不然真玩不下去。这游戏是我去年暑假玩的，陪我度过了一个暑假，现在补票也全是圆我的一个梦吧,1,2024-08-21 19:20,Vivo V2073A
566967190,李太白,5,单机买断制游戏，最低30元起<br />关卡长，地图广，可供自由探索（后期）<br />打击感好，反正耐玩性不错，装备种类繁多，还有各种符文之类，主角打完最终boss可以重生，每次怪都比之前更强，至少五次，你可以解锁一个隐藏boss，总之，久仰不如亲鉴，推荐游玩,,2024-08-21 16:38,iQOO Neo5 SE
60924015,烬焌烨,1,勾史优化，动不动就闪退和failed<br />另一台手机，一样会出现failed，当时好像是提示一万两千多kb，气坏了就没截图直接删了,11,2024-08-16 13:41,Oppo A58
367425798,没有猫主子的铲屎官,5,这是什么情况啊？有兄弟知道吗？？？,,2024-08-21 13:52,Redmi K50 Ultra
649431116,QQ,5,希望手游快更3.4,1,2024-08-21 12:31,小米Xiaomi Pad 6
426456986,马簧,5,更新太慢了，求更新,,2024-08-21 12:03,荣耀 X30
471186596,宜达吖,5,这是多久没更新了，赶紧更新吧！,1,2024-08-21 11:06,Vivo V2111A
629316211,曲清雪,1,服了出bug了。<br />还解决不了不是出现这个乱码就是闪退<br />只要隔一段时间不玩就会出现这种情况,1,2024-08-21 09:24,Vivo V2046A
369123675,超天酱,5,怎么说呢，玩到三细胞开学了，游戏上手很难，需要时间，但如果喜欢肉鸽的话极力推荐,,2024-08-20 22:45,Honor Pad 7
632318417,+,5,业势非常好玩啊，不知道怎么评价,,2024-08-20 18:31,Honor X10
352346132,Stacey🎠,3,啊？不是！怎么突然不让玩了？？之前解锁了全部！啥情况啊？,1,2024-08-20 18:19,Huawei P60 Pro
456395620,王,5,3.4版本什么时候更新啊,,2024-08-20 18:19,OPPO PFTM10
350446007,莫得影,5,好玩是没话说的，虽然手机操作不方便，但是最近下回来开一半冒全英白色界面，进不去，难受,,2024-08-20 18:03,Vivo IQOO Neo9S Pro
104186031,上善若水,1,游戏是好游戏，代理是真💩,1,2024-08-20 15:27,未提供
349428239,厷匸,1,为什么就只剩B服了,2,2024-08-20 14:35,未提供
40040625,Honey～しovの｀,5,官方快更新3.4吧，等剪刀好久了😱,2,2023-11-10 18:46,OPPO PGAM10
57252253,赛罗奥特曼,5,这咋还没有跟端游同步呢，头部装饰都体验不到,,2024-08-20 01:47,红米 K70
40258549,Glog-uian,3,这是什么情况为什么玩不了了？,2,2024-08-19 15:23,Redmi K60 Pro
53801411,弱九七,1,该死的垃圾游戏，一个单机游戏越玩越卡，玩久了移动键都有问题，音效都🈶延迟，垃圾垃圾垃圾,1,2021-11-14 20:55,Vivo IQOO Z9 Turbo
439656114,我是FW,1,说不更新就不更新了纯史,3,2022-09-06 09:12,未提供
368879399,User368879399,5,神作，听说要更新了，官方搞快点,1,2024-08-19 13:56,Honor Pad V7
422421236,理智障,1,一直进不去，卡bug,2,2024-08-18 22:18,Vivo IQOO Z7
495399806,若嫉,1,一进去就卡住，要不就是进去一会崩乱码，没买的现在不推荐，真的搞人心态。,1,2024-08-18 21:08,Redmi K60
576080959,发发汗,5,我想知道这是咋了,,2024-08-18 21:08,荣耀 60 5G
423106041,User423106041,5,好好玩啊,,2024-08-18 12:12,iPad (8th generation)
13095942,栩雨麓,1,官方跑路了吗，以前不会有乱码这种东西，看了一下评论区，现在一局一乱码，甚至进存档就乱码，什么勾石，搜视频22年就开始出现了，21年买的，下载回来也没换手机，以前存的五细胞存档上传云存档也不见了，真是勾石，就知道酷酷出地图，你家房子漏风不知道补一下吗，就只知道家有什么用，给了是吧,80,2021-02-18 23:14,红米 K40 Pro
451390802,田宇轩,3,这个游戏出现了问题崩溃了希望可以修复,1,2024-08-17 19:56,红米 K70
433704013,纯路人,4,游戏本身很不错，DLC已经全买了，但是已经很久不更新了，端游更新已经结束了，手游版本一直不动，不知道是出了什么问题，还是单纯的以后就这样,1,2024-08-17 18:55,华为荣耀 30 5G
99022647,大想象家♚,4,差评：看什么看啊，你赶紧去买游戏，看什么差评，什么?买了? 5细胞过了没，叫什么?<br />死亡并非长眠，细胞人永不倒下!——steam玩家好评<br />《死亡细胞》测评：<br />来源:手机安卓与iOS都有  pc端steam<br />偏向: 战斗.爽❗️，操作怪专属[okR]，闯关停不下来，细胞扮演，我根本不在乎成就，&#34;非常&#34;简单<br />游戏音乐： 🌟🌟🌟🌟<br />游戏画面： 🌟🌟🌟🌟<br />游戏剧情 :    🌟🌟🌟<br />游戏玩法 :    🌟🌟🌟🌟🌟<br />综合推荐：一点都不好玩，只能综合给4.5🌟，给我眼睛度数都玩高了<br />个人感受：是盆友帮我买的[偷笑R]，怎么说呢，打击感独特，武器独特，丝滑，从方方面面来说都是不错的游戏，而且一开始给我的感觉还是惊艳的，不过一开始不熟悉硬是被虐的给我整的不想玩，但是玩下来就迷糊进去了，但是也有不足吧，总得来说还是精品。<br />玩法：扮演一个细胞，在地牢，和各种场景中战斗收集各式各样的武器，成长属性，给我的感觉像是一个肉鸽，战斗肉鸽，各种各样等待你去挑战的boss，记得小时候玩的冒险岛吗?他就是在哪个基础模式上升级，但是他的操作系统明明很简单，攻击，翻滚，OK你可以带着各式各样的武器打出各种离谱操作了[斜眼R]，玩得好的话上线会很高的那种，有种操作怪既视感。<br />优点：我就喜欢像素[生气R]，音乐的话主要在战斗打击感和碰撞这些方面做的很出色，有剧情，但我不太注意，不过感兴趣的小伙伴可以去看解析，玩法就比较多了，什么锤子，刀，枪，剑，弓，点，匕首，老多了每个武器还有不同的技能，打击方式，总得来说这方面很丰富，其次就是丝滑，像德芙一样[喝奶茶R]<br />缺点：后期平衡个人不是很满意，后期玩多了就感觉随机地图不太随机，不过都是小问题，希望能继续开发内容做好难度平衡，潜力很大。<br />总结：适合入手或者打折入手，一般适合操作玩家喜欢跳跳乐的玩家。,144,2024-08-17 02:44,小米23124RN87C
599460982,唯一的缺点--长得太帅,5,@官方，请问账号注销了怎么恢复,,2024-08-16 22:03,Huawei Mate 60 Pro
611495029,芹香,5,是这样的，打完收藏家直接长草,,2024-08-16 18:50,华为Nova 4
331985421,蠃鱼,4,打击感还好 杀完人碎一地的感觉超级爽<br />操作手感就是一坨屎 因为这个摇杆和下蹲死过不知道多少次了,1,2024-08-16 18:08,小米Xiaomi 13 Ultra
45995911,胖小卿,5,手游把控方向很难受,1,2024-08-16 12:18,iPhone 13
2216100,记忆深处的你,4,打击感和操作感都十分喜欢的游戏，武器类别也十分多，唯独吐槽的是仍然会出现乱码，服了，只能大退，重新打回来仍然乱码，修复！修复！修复！,1,2024-08-16 11:29,Redmi K60
557197029,辉哥,1,圈完钱就跑路，bug是一点不修,6,2024-08-16 09:36,Vivo IQOO 12
101893910,暗影刺客代号柒,5,🕹️耐玩性：<br />还是可以的，武器衣服都很多，一个字肝,1,2024-08-16 00:24,Nubia NX709J
360589405,☆brackets✨,4,好玩 要是免费就好了,,2024-08-15 23:40,Redmi K60
662351049,故渊有条池鱼,5,游戏是挺好玩的，但是谁可以帮帮我？,1,2024-08-15 22:45,Vivo IQOO Neo9
379631070,User379631070,1,真的很烦这垃圾按键！！！,3,2024-08-15 16:15,Vivo IQOO 12 Pro
451543631,User451543631,1,官方都跑路了，乱码Bug一直不修，之前很喜欢这款游戏，dlc也都买了，两个五细胞存档都打不开闪退😓,6,2024-08-15 09:23,Vivo V2353A
409055411,User409055411,2,游戏值得肯定，但是这bug是真不休息，巨恶心,3,2024-08-15 08:04,未提供
400471192,User400471192,4,😵游戏难度：有点难<br />🕹️耐玩性：有多个地图，多种武器，个人觉得还是不错的,1,2024-08-15 07:03,小米13
25049108,咖啡泡报纸,3,重生细胞五星，b服扣两星，乱码给我存档直接弄没了，还玩个蛋,4,2024-08-15 02:57,Vivo IQOO Neo8 Pro
386982537,么,5,好玩爱玩<br />🥊打击感：<br />好<br />🌃画面音乐：<br />画面可以音乐就不太行了<br />✍🏻建议：<br />更新、更新、更新、更新、更新、更新、更新、更新、更新、更新、更新、更新、更新、更新、更新、更新、更新丶更新、更新、更新、更新、更新、更新、更新、更新、更新、更新、更新、更新、更新、更新、更新、更新、更新、更新、更新、更新、更新、更新、更新、更新、更新,2,2024-08-14 23:45,未提供
371246113,z,4,耐玩性对于我来说一般，开始很有兴趣，难度很大（我那么觉得），有时候玩的会红温，所以很有挑战性,,2024-08-14 20:43,未提供
393832054,天灾级,1,我账号直接没了😂,5,2024-08-14 20:25,Vivo IQOO Neo9
485393974,霄辉凌雪,5,手残党实在是玩的有点痛苦，但是真的蛮好玩的😭,,2024-08-14 17:54,Vivo X21UD A
112146124,Killer queen,1,重生细胞刚上线tap tap的时候，我就已经购买完了，连后续的dlc都买了，结果哔哩哔哩收购后之前买的都不作数了，还得重新买一遍。这个问题怎么解决啊,3,2024-08-14 17:37,小米Xiaomi 14
322799551,小朱,1,官方修一修吧,5,2024-08-14 08:09,iQOO 9
537331634,大帅币小楷,5,这游戏非常好玩，而且耐玩不像其他单机游戏枯燥乏味，就是好久没更新了，希望更新些新内容😊,2,2024-08-13 18:05,Vivo V1934A
438602569,逆風小信,3,修复一下bug就好了,1,2024-08-13 17:20,红米Note 8 Pro
666822743,宇智波,5,😵游戏难度：高偏超难，需要大量手法及操作，需要收集 5 个 BOSS 细胞<br />🎲随机性设计：高👍👍👍<br />🕹️耐玩性：中上<br />超级推荐！<br />（手残党有辅助模式，可入）<br />设备要求较低，我这 Nova5 pro 玩的还很流畅<br />希望新入坑的新手会喜欢<br />游玩时间：481 小时,1,2024-08-13 16:26,华为 Nova 5 Pro
336137954,SCP,1,这个游戏有一个很大的问题，就是手机版的重生细胞会卡死在加载界面，而且没有很好的办法去解决，这个问题一直存在在手机版，官方也没有给出很好的解决方法，这个卡加载的存档进不去，但是你重新进新存档就能进去！这个问题很严重不是手机的问题了，希望重生细胞的官方能够看到。<br />一旦这个存档卡死，就代表着这个存档就废掉了！就要重新建新存档重新玩，而且这个卡加载界面不是固定的，说不准哪天就卡死在加载界面了，希望能够把这个技术性的问题解决一下，不然你这个游戏就是坑害消费者，存在缺陷的游戏！<br />2024年8月13号上游戏看看吧，这是我两个月没上号玩游戏，我也种这种乱码的招了，就成这鸟样子了！建议大家不要买这款游戏，现在不被坑还来得及，我现在游戏都没法玩了，新建存档闪退，建议想入手的去玩steam版，不要玩哔哩哔哩代理的它们这帮人只知道卖游戏，游戏有什么BUG它们根本就不管！我只是好言相劝听不听那就是你们的事情。,287,2024-02-25 22:19,Honor X40
567595533,Ms.Chen,1,我记得我好久之前有买过这个游戏呀，当时花了30块，现在怎么没了？,4,2024-08-12 21:50,小米Xiaomi Pad 6 Pro
588530744,迪奥时停趁机刷题,5,世界第一肉鸽,1,2024-08-12 19:13,华为DMG-W00
409093638,Ser泉洲,5,曾经玩过，好玩<br />但是，它会删你存档<br />还是被迫且自愿删的,,2024-08-12 18:49,Vivo IQOO 11
360755062,NO BODY,1,这是什么情况？😅,1,2024-08-12 17:16,小米Xiaomi 14 Pro
60409092,"klm,po",4,🎮可玩性：确实不错很多种武器搭配 以及意想不到的彩蛋<br />🥊打击感：<br />一种感觉真爽   大部分武器他的打击手感是真的舒服   也有少部分是真的感觉膈应   弹琴那个东西<br />⚖️平衡性：<br />武器确实有很大差距啊   但作为一款单机游戏，随便选啦<br />🌃画面音乐：<br />画面音乐真的五星好评<br />🔖运营服务：<br />一坨屑   帧率也不算特别舒服<br />😵游戏难度：<br />有高有低，但都可以接受,,2024-08-12 15:59,小米13
438083608,User438083608,1,以前玩的时候很好各方面都不错，乱码那个问题当时也没有接触，现在又想玩了结果是长时间不登号没了，还得重新买，体验版的刚打完就给我闪退后面重进一下也不行，大退也不行，删了重下也不行，看了品论才知道手机版都会这样，lj,1,2024-08-12 15:50,Vivo IQOO Z9
609129951,飞飞飞国,1,没有钱买下一关。,4,2024-08-12 11:44,Redmi K30 Ultra
553844026,枝寒,5,真的很好玩，剧情以及画面精美度都很好。<br />但是最好还是去b站上先看一下新手教程/攻略，光自己摸索需要花较长时间（我下载的时候甚至都不知道是肉鸽游戏。。都是靠自己摸索弄出来的<br />新手建议先开辅助模式，否则会打的有点破防（因为我就是。。当时快要拿到藤蔓符文了，但是就差那么临门一脚,1,2024-08-12 00:25,Hi nova 9 SE
460000984,Nuyoah,2,音效，闪退，乱码bug3.4能修好吗？,2,2024-08-11 15:44,红米 K70
489783648,∩,1,什么玩意儿，不让我进,2,2024-08-11 15:14,Vivo U5x
629433112,基尼胎煤,3,打击感觉觉得还行，非常吃操作，,1,2024-08-11 13:52,Honor Play 5T
410251165,User410251165,5,好玩是好玩，就是官方不更新了。,,2024-08-11 11:32,Hi nova 9 SE
360534080,いいでしょう,4,还行,,2024-06-28 15:32,Redmi K60 Pro
455007895,HUA~,2,游戏内只有一关要玩要花钱,2,2024-08-11 10:53,华为荣耀9X
107375527,爱玩PVZ的宁同学,5,这款游戏有很多值得探索的地方，但手机端的摇杆体验不佳，需要优化,1,2024-08-11 03:06,未提供
507571382,分晏,5,换手机后，音效反馈异常，暴击错误的重复出现，影响游戏体验。<br />IQOO neo8<br />🥊打击感：<br />有点打空气，没有动画和声音反馈,,2024-08-10 21:18,Vivo IQOO Neo8
334711394,牢大,5,最好玩的移植游戏🤓,1,2024-08-10 15:14,HONOR Pad 9
367660830,妛尢,1,这是什么情况，怎么打不开了<br />重新下载了一次，不仅存档没了，还是打不开,4,2024-08-10 13:38,红米 K70
498299309,墨痕,4,除了bug都还好,1,2024-08-10 12:25,U-MAGIC 优畅享20
640821422,八稚女大升龙,3,这个虚拟按键要每次点击都重置位置的呀，之前玩王者荣耀都是这样的。虚拟按键就是那个移动按键智能选择位置的功能,1,2024-08-10 11:57,小米2312DRAABC
413088518,苦命大王,4,好几次了想问一下为什么<br />都是重下解决的,1,2024-08-09 21:27,Vivo V2068A
452352958,向日葵SunF_,5,《重生细胞》SF个人评价<br />在游戏玩法上，它将动作格斗与 roguelike 元素完美融合，武器和技能组合，让细胞们能够根据自己的喜好和战斗风格，打造出独一无二的战斗策略，这种高度的自由度和可操作性极大地提升了游戏的趣味性和挑战性。<br />美术风格上，《重生细胞》采用了精美的像素画风，场景细节丰富，色彩搭配协调，不仅展现出了复古的韵味，还营造出了一种独特的神秘氛围，我也非常喜欢重生细胞的风格😃<br />游戏的关卡设计精妙绝伦，每个关卡都有独特的地形和敌人分布，需要玩家灵活运用各种技巧和策略才能顺利通过，同时，隐藏在关卡中的各种秘密和宝藏<br />音效方面，紧张刺激的背景音乐与战斗音效相得益彰，进一步增强了游戏的代入感，使细胞旋转<br />总之，《重生细胞》无论是喜欢动作游戏的玩家，还是热衷于探索挑战的玩家，都能在这款游戏中找到属于自己的乐趣<br />《重生细胞》SF攻略：<br />- 开荒期攻略：<br />- 选择合适的武器：在游戏开始时，可以选择一些基础的武器，如剑、盾等 随着游戏的进行，可以逐渐解锁更强大的武器<br />- 学习基本操作：熟悉游戏的操作方式，包括移动、攻击、跳跃、翻滚等 掌握这些基本操作可以帮助你更好地应对战斗<br />- 探索地图：游戏中有许多隐藏的区域和秘密，探索地图可以发现这些隐藏的内容，同时也可以获得更多的经验和奖励<br />- 提升角色能力：通过收集细胞和金币，可以提升角色的能力，如生命值、攻击力、防御力等。同时，也可以解锁新的技能和变异，增强角色的实力。<br />- 进阶攻略：<br />- 选择适合的流派：游戏中有多种不同的流派，如近战流、远程流、魔法流等 根据自己的喜好和游戏风格，选择适合的流派进行发展<br />- 合理搭配武器和技能：不同的武器和技能有不同的效果，合理搭配可以发挥出更大的威力 ， 例如，可以选择一把高攻击力的武器，搭配一些控制技能，如冰冻、眩晕等，来增强战斗能力<br />- 注意敌人的攻击模式：了解敌人的攻击模式和弱点，可以更好地应对战斗。有些敌人可能会有特定的攻击方式，如冲锋、跳跃等，需要注意躲避 同时，也可以寻找敌人的弱点，如头部、背部等，进行针对性的攻击（我最讨厌拿盾的😐😠😡）<br />- 利用环境和道具：游戏中的环境和道具也可以为战斗提供帮助 例如，可以利用墙壁进行反弹攻击，或者使用陷阱来对敌人造成伤害。同时，也可以收集一些道具<br />- 高级攻略：<br />- 挑战高难度关卡：游戏中有一些高难度的关卡，如BOSS战、精英怪等 挑战这些高难度关卡可以获得更多的细胞和图纸，同时也可以提升自己的游戏水平<br />- 与其他玩家交流：与其他玩家交流可以分享游戏经验和技巧，同时也可以了解到一些游戏中的隐藏内容和秘密,27,2024-08-09 18:52,未提供
477307683,Lyney,5,🕹️耐玩性：<br />耐玩性特别高，许多武器，地图很大<br />🎲随机性设计：<br />掉什么武器图纸完全随机，全靠脸<br />😵游戏难度：<br />难度倒是不小，不过可以调节。你自己要是肯练肯肝的话，还是没什么太大问题的<br />🥊打击感：<br />打击感挺爽的，有许多武器，可以选择适合自己的，玩法多样<br />⚖️平衡性：<br />平衡性还好，多练一练，熟悉一下游戏，打一些小怪还是没啥问题的，但是要是打boss的话，那你就需要有一定的经验了，不管是自己的操作还是武器等的选择，都需要一定的经验，所以十分推荐刚入坑的玩家先看教程攻略，再自己去玩<br />🎮可玩性：<br />可玩性很好有很多武器等的选择，不断以各种方式通关，然后重生，越来越熟练，越来越强，不会感觉无聊，属于是那种越玩越有意思的，坚持玩下去，会有豁然开朗的变化 (ง•̀_•́)ง<br />但是肝度很高，不过是单机游戏，也没有每日任务等，有时间就可以玩（但是推荐有比较长的空闲时间再玩）<br />但是！这个游戏唯一的缺点就是对手机优化不怎么好，键位设计不太合理，许多操作不太符合逻辑<br />🌃画面音乐：<br />画面音乐很不错，像素风的画风，音乐也很不错<br />✍🏻建议：<br />没什建议<br />游戏整体很不错，算是一个佳作，钱花的很值，推荐买 DLC，可以等做活动入坑，活动优惠很高……😭<br />“没事，早买早享受，晚买享折扣”,69,2024-08-09 11:53,未提供
411194224,小小班尼特,2,游戏内容是不错，但是按键太反人类了。<br />如果要是像我一样有个手柄还好，但是大部分人只有一个手机，甚至连电脑都没有，还是建议优化一下按键吧。,5,2024-08-08 17:08,红米 Note 11
438516232,哈哈,5,壕丸是壕丸，所以啥时候更新🥵🥵🥵,,2024-08-08 13:51,小米13
109980767,荒川乱步错,3,求你了，快修吧,5,2024-08-08 13:46,小米Redmi K40
566021077,领导王,5,🕹️耐玩性：<br />真的超级耐玩，各种的DLC层出不穷，推出的辅助模式对新上手的的玩家很友好，在无尽的厮杀中一点点洞悉这个末日世界真相,1,2024-08-08 13:39,华为Nova 4
557709130,奈奈,1,所以这个是什么情况,1,2024-08-08 11:18,未提供
372801730,H,1,无敌了卡加载进不去,4,2022-04-07 18:31,小米Xiaomi 13 Ultra
370394769,永远的恒星,4,这和端游一样阴影到底能不能加上啊？<br />看着这些2D图总觉得怪怪的，但加个阴影至少也对的起官方发的实机演示视频里那些怪物和细胞人所展示出的真实感啊。<br />｛就是电脑上看的和在手机上看的不一致，有点烦。本人手机上的也是安了怪物阴影mod。还是希望官方搞一个［虽然是不可能的事啦，死亡细胞都停更了，重生细胞能更到3.5就好了（抱着3.3发呆🤪）］｝,,2024-08-08 00:26,Xiaomi Redmi K60 Ultra
384680980,无敌,5,✍🏻建议：<br />希望后面能适配键鼠，用屏幕打真的很难受，端游的价格超出了我的能力。,2,2024-08-07 22:51,联想Tab M10 FHD Plus
456227458,杯装之诗,4,好玩，但玩久了好像有点无聊,,2024-08-07 13:41,小米Redmi K40
109152343,水を止める,1,我的号呢？同一个手机号就连下载位置都没变号没了？,1,2024-08-07 11:46,小米MIX 3
427387819,东方,5,除了bug其它都还好,,2024-08-07 08:15,OPPO PFGM00
348751434,墨染曦.,5,什么时候出新dlc,,2024-08-06 22:59,Vivo V1932A
625013833,X,4,我就想问，后面的关卡还要充钱吗？,,2024-08-06 19:20,Honor Play 40 5G
659036800,Hitherto,1,加载游戏慢的要死，<br />第一次评论游戏<br />垃圾中的垃圾<br />还要30块钱,1,2024-08-06 18:10,OnePlus Ace 2
357330668,言sdf,2,你b站的程序猿是从三哥那请来的吗？打着打着给我闪退三五回。,2,2024-08-06 11:19,Redmi Note 12T Pro
409092828,白夜,1,不知道为什么玩不了,2,2024-08-06 10:37,小米Xiaomi 14
15985092,上帝佛陀,5,不错，五细胞通关达成,1,2024-08-06 07:34,iPhone 13 Pro
37723249,々林≈,1,"可恶啊,老子花30块钱买的tab tab版,现在只有这个版本了,30块钱又不退,基础版又玩不了了,给个解释，行吗？",1,2024-08-06 00:36,Realme Q5 Pro
541448055,吃,5,从steam上架就开始玩了，好玩,,2024-08-05 19:18,Redmi K50 Ultra
369339796,袁友恒,5,请问一下，换手机了存档怎么才能保存下来,,2024-08-05 16:55,未提供
390130106,气质！☠,5,除了有点难，其他的好到无话可说,1,2024-08-05 12:35,Realme GT Explorer Master Edition
473291289,拂晓,5,很好的rougue作品，武器种类很多，玩起来很爽。难度也可以调整，照顾不同的玩家。,,2024-08-04 20:34,未提供
625709476,火旺·季灾,1,乱码，全是乱码，根本玩不了，瞎我54块钱😅😈😈😈😈😈😈😈,1,2024-08-04 17:20,红米 K30
587770636,飙血の一神,3,这个需要花钱吗,1,2024-08-04 16:38,Huawei Nova 11
66051269,User66051269,5,游戏好玩呢，就是后面需要30元才能继续游玩，不过已经很好了,1,2024-08-04 11:24,iPad (7th generation)
84945912,徽音,5,这游戏从头到尾都是悲剧，岛上除了主角都是好人，阻止瘟疫传播的典狱长被主角砍了，时守小姐因为神秘契约要守护岛(王国)被主角打，不得不转到另一个时间(无限轮回)，可怜的巨人曾经是主角的手下忠诚的将士，因为阻止国王的昏庸，被镇压在出生点，最后又被砍死，王手，国王最信任的手下，没有之一，最后被主角砍死了，收藏家也就是炼药师，最开始帮国王练长生不老药，万能药(最后的希望)这个懂得都懂，王后，一个杀了你，又把你复活的真老婆，为了不让主角点亮灯塔，(岛外已经有瘟疫了，从众多密室房间内可知，没有一个人逃出岛，和从点亮灯塔结局那一船感染者)结果老婆被自己踢下灯塔当灯芯，点燃灯塔，从头到尾感觉主角*就像巨人说的:“你*就是一个无可救药的混蛋！！！”唉，玩明白了，感觉，还是不明白比较好。当个无知的人，没有悲伤，只有孤独。还有一个结局就是，时守小姐不小心把一个以前的主角(也就是你自己)，传送到这个小岛人物全部死亡的时间线，与你打架。这个是真结局。现在打到最后。。。。<br />手下没了。<br />杀完了。<br />爱人没了。<br />孤独。。。。。,1,2024-08-03 23:24,OPPO Reno7中国版
435128732,神,3,怎么回事，突然就这样 然后就玩不了了,1,2024-08-03 22:23,OPPO PFTM20
662899438,禁欲,1,不行，我付费了结果玩不了，气死我了，还我30块！！！,1,2024-08-03 22:18,Vivo IQOO Neo9S Pro+
453462941,嘿嘿,5,剧情好，肉鸽神作我觉得，<br />🕹️耐玩性：<br />🎲随机性设计：<br />😵游戏难度：,,2024-08-03 19:25,小米24069RA21C
636507300,童,4,游戏什么都挺好的。就是玩久了会感觉很枯燥。,2,2024-08-03 18:33,Honor X50 
50164848,温羊,5,🕹️耐玩性：<br />好玩好玩！无聊推荐玩<br />😵游戏难度：<br />还可以熟悉之后玩久了就还好,1,2024-08-03 15:54,未提供
14141956,君策（｡ò,1,不是？b服一年不玩就得重新买？？？,3,2024-08-03 11:40,魅族20
587510945,华夫格,4,为嘛要出个宝宝模式，我真得很无语，我肝的算啥,,2024-08-03 10:59,荣耀 X30
413300220,老师,1,这是什么情况？,1,2024-08-03 09:24,Redmi K50
340561906,Elancholy,5,🕹️耐玩性：<br />耐玩性非常高有很多种难度，武器，并且可自定义<br />😵游戏难度：<br />可以在设置中自行调节游戏难度,,2024-08-03 00:29,未提供
432010781,ぬ,4,为什么现在玩还是屏幕一闪一闪的，解答一下,1,2024-08-02 18:17,Redmi Note 10 Pro
477630359,肯德基上班,1,bug一堆，操作跟坨屎似的，☁存档还没用，好不容易打到收藏家了，结果出bug存档没了,3,2024-08-02 13:27,Vivo IQOO Neo9S Pro
62738920,手机用户62738920,1,进去就卡退，乱码,4,2024-08-01 23:27,小米2312CRAD3C
605316509,躲橙,3,只能说都挺好的，但为什么嗯，只要一打德古拉那一关我要打BOSS的时候就会卡乱码就打不了了，就挺烦的,2,2024-08-01 18:05,未提供
368059211,一里吾妻,1,为什么我买了整合包，然后一进游戏，直接闪退,3,2024-08-01 09:03,Vivo X21i A
656781940,好玩爱玩,5,当之无愧的横版动作之神！肉鸽的加入让耐玩性得到了极大的提高，十分推荐买一个玩玩！,1,2024-08-01 02:04,红米 Note 11
345407366,樱凛不散,5,🤓👍🏻好玩，上头，在官方外挂的辅助下，我这样的手残都能玩，虽然经历不知道多少次的sl，但最后还是无伤了最终BOSS拿到白王,1,2024-08-01 00:42,Oppo K9s
82496324,纱织,4,打击感很强，但肝且吃操作,1,2024-08-01 00:30,华为P30 Pro
607505380,夜半红日出,1,我以前的Tap Tap账号怎么没了？我所有dlc都买了，结果退游一段时间再下回来账号都没了😅,1,2024-07-31 21:49,Huawei P50E
551391669,那你发,1,有病，bug一堆，存档上传根本不对，上传我下载之后，我需要用哪个存档都不能选择，存档功能直接消失了，是吧？,1,2024-07-31 18:22,未提供
560925096,迷某迷,1,每次换个地方就卡在加载页面,1,2024-07-31 12:18,Redmi K60 Pro
645567229,御庶,4,不是，我dlc都买完了给我整这个？,4,2024-07-30 23:00,Redmi K70 Ultra
558583055,孤雁南飞,3,进都进不去，卡在加载界面😓😓😓,1,2024-07-30 18:10,华为畅享20 Pro
485005364,我家哥哥怎么你了,5,不知道为什么我的死亡细胞好像出了bug ，有没有人讲解一下？就是打出暴击那个音效播放完之后一秒左右就会播放一模一样的暴击音效😇,,2024-07-30 17:50,Vivo V2102A
644905060,张帆,5,非常好玩，就是太难了,,2024-07-30 17:13,HONOR CLK-AN00
455427705,f_fabixb,1,真的是无敌了，换个代理有30块直接打水漂，有没有这么玩的呀？,5,2024-07-29 22:07,Vivo V2072A
17911441,明冥鸣命,1,😓真是绝了，买了之后还要联网，我忍了，但是为什么换了代理之后我号用不了了？花钱打水漂是吧？,7,2024-07-29 18:45,iQOO Neo 5
67001818,狐笑,1,我搞不懂了 一个单机游戏要联网干啥？？？火车上网不好 登不进去就不让玩有猫饼,6,2024-07-29 18:36,小米13
425360412,雾缭群山,5,有时有bug，存档进不去,,2024-07-29 16:55,Redmi Note 11T Pro
557450689,绝对超导体,5,没什么好说的，玩过了才知道里面的含金量,,2024-07-29 15:29,Vivo Y53t
541170339,say,5,🕹️耐玩性：<br />先不说DLC光是一个本体的小怪图纸就有够你收集了，真就是耐玩王，真的没啥好说肝就对了<br />🎲随机性设计：<br />这个就看个人运气，什么爆图纸啊、开宝箱啊、刷词条啊就很银杏，就纯看脸😃<br />😵游戏难度：<br />从0细胞开始慢慢坐牢，小怪血量和伤害逐渐抽象，boss还好吧熟悉了招式就没那么坐牢了，而且还有特别照顾手残党的辅助模式，如果这都没办法，那就只能菜就多练练了😃👍<br />🥊打击感：<br />哐哐棒，大多数游戏都无法比拟的，各种武器有不同的手感总能找到适合你的好武器<br />🌃画面音乐：<br />帅到爆炸，增加轮廓的什么的都很有意思简直就是碉堡了😃👍👍👍顺带一提要是加了阴影就更好了🤓<br />🔖运营服务：PE十年更一次一次更十年😅,29,2024-07-25 20:43,HONOR CLK-AN00
37515264,Alex,1,史,8,2024-07-29 03:43,vivo IQOO
649390165,狐恒,5,好玩 就是玩了差不多21h才一细胞 符文到是齐了 挺好玩的（就是我太菜😅,1,2024-07-28 22:13,一加手机Ace 3V
24747977,风月,5,为什么手游DLC这么便宜,,2024-07-28 16:20,Vivo IQOO Z7
413339594,有芽就琪,4,嘎的透透的了,,2024-07-28 15:54,未提供
567008269,声之音,5,这是免费的，还是要钱的？,,2024-07-28 12:25,Mid S013
572309202,Nhìn cô kìa,5,肝，花钱，第一章 15二三四章 8元，后面的 15<br />可以玩，有Bug，重启手机就行<br />🕹️耐玩性：肝<br />🎲随机性设计：好<br />😵游戏难度：可设置<br />🥊打击感：可以,2,2024-07-28 11:29,未提供
631719865,Sparrow三爷,5,这款游戏出手游我是非常满意的，呃，怎么有点领导的口气咯，就是蛮喜欢的。<br />之前一直玩的死亡细胞PC端，我愿称之为肉鸽类游戏天花板，巅峰之作！非常喜欢！！！这款游戏不多做攻略，一个字！打！！！杀他个七进七出，就完事了。<br />刷到过我的评论的宝子们“可能”会知道（毕竟我不是什么大人物），我废话比较多，而且酷爱感叹号！来加重语气，因为我真的太爱这款游戏了！那么今天我就来讲讲废话，首先吸引我的是像素风，他这个像素风不是Minecraft方方正正的，也不是泰拉瑞亚2D版面的，他可以说是2.75D的像素风，为什么我擅自加上这0.25D呢（因为我善），叉出去！因为他有光影，有重叠效果，和2D横版的泰拉瑞亚要更具立体感，但又不是真的立体哈~（当然也会有人不喜欢这种画风）<br />然后就是他的地图种子，皮肤和武器，不仅多元丰富，而且，对于我这种微氪玩家而言，简直就是福音啊！什么？这么好看的皮肤可以肝出来？太幸福了！比和某精英靠变装牟利简直……（而且我一直想不通一件事哈，为什么有人会话这大几百，甚至上千去氪游戏而不愿这么几十来买一个游戏，然后还可以天天玩的那种）。<br />总结，这五颗星是十星溢出来那五颗~<br />同时推荐大家可以去深挖游戏背后的故事情节，蛮精彩的，官方也有相关解读哦，游戏中有非常多的彩蛋，在B站上有许多UP们做过视频，大家可以去浏览一下哦（我记忆犹新的是泰拉瑞亚的星怒剑，以及致敬承太郎的隼之拳套）。现在官方也有相关动漫啦！推荐观赏，不错的！<br />感谢耐心看完，谢谢咯~<br />好啦好啦，好评好评！<br />（P.S.  本人酷爱壁垒法球模式加钉入矛，手长且有攻速，而且法球可以清除飞过来的金色飞贼（就是会爆炸的那个，和飞贼蛮像的，哈哈哈），很适合手残党刷细胞哦）,44,2024-07-28 01:40,未提供
333070264,初墨,1,哥们？,2,2024-07-27 14:10,Redmi Note 12 Turbo
338153980,哈哈,5,大大的好玩，拿手柄玩更爽。,,2024-07-27 11:37,红米K70E
424686828,-零--Mikey東京,5,"我有白王和白色的女王,但我没有粉色的女王,谁知道粉色的女王怎么获得？🙏🏻",,2024-07-27 09:45,Huawei P60
355962805,拔刀自然神,3,挺好的游戏，很有内容，就是他的按键控制不好。<br />以前买以前买的玩不习惯就没玩了，这两天闲的无聊，又下回来了<br />没人觉得他这个左手移动键和右手的上下跳键很难操作吗？根本就控制不准<br />我还玩这游戏厉害的应该都是一些大神，就没有觉得他的这两个按键难受吗？,1,2024-07-27 07:21,未提供
480241808,INK •小红墨,5,希望商家扩充岛外内容和其他游戏联动DLC,,2024-07-26 23:27,iPhone 14 Plus
423079962,万事往随缘,5,为啥我显示种子的设置开了，还是看不到种子啊？,,2024-07-26 14:40,Oppo K10 5G
388702548,YOLO,4,这是？,,2024-07-26 12:12,Vivo V2073A
5330352,[永~远},1,游戏好玩，爱玩，但是不推荐手机玩，乱码很多，bug应该是不太修。,2,2024-07-26 10:02,Vivo IQOO 12
426680151,User426680151,1,一堆bug不修 递归函数都快溢出完了,8,2024-07-25 16:18,努比亚 红魔5G
462710501,wyc,1,狗屎游戏刚刚下载付钱进都进不去找客服嘛客服是个人机,5,2024-07-25 19:29,HONOR 100
656868662,91,5,除了要钱没有缺点,1,2024-07-25 18:16,iQOO Neo 5
420179139,伊人,4,为什么打不开了?,2,2024-07-25 14:42,红米 K40 Pro
345856205,无情的小孩,4,如果。换手机了，如何把账号移到新手机呢,1,2024-07-25 14:13,华为CTR-AL20
556716735,琳琳琳琳琳,5,真的很赞，从pc端到手机的移植很成功呀。即使是操作不好的人也可以自由调整难度，爽快割草流！游戏服务器稳定内购无广告，非常喜欢！,2,2024-07-25 00:59,未提供
1721029,瑟瑟谷中风,5,20年刚玩这游戏的时候希望搜攻略，用骗卷轴玩红流打到5细胞。虽说没有拿到白王皮肤，但我还是就的这游戏可玩性还是很高的。,1,2024-07-24 13:00,Vivo IQOO Neo9 Pro
648027900,酷酷的恰米,3,官方这是怎么回事👿,4,2024-07-24 12:30,未提供
557728281,华锦,3,怎么回事,1,2024-07-24 11:39,Redmi  K70 Pro
383668365,我 不 会 运 球,5,太帅了😎,,2024-07-24 06:45,iQOO Neo5 SE
43250338,温酒暖人心,1,闪退，乱码，进都进不去,5,2024-07-24 00:54,Vivo IQOO 11
446667728,在一起我,5,不懂就问，这是什么情况啊？删了重新下载也是这样😨,,2024-07-12 20:42,Vivo IQOO Neo8
466866636,绿码,5,30块钱买的，比端游其实便宜了很多了，作为一款单机游戏，耐玩度还是非常高的，武器种类众多，把本体玩到毕业的话，可能得好几月， 而且还有三个drc，每一个八块，所以这游戏的终极版本也就花54块钱，单机游戏像坐飞机时可以是很好的消遣，祝大家游玩开心，很推荐大家买,,2024-07-23 17:54,Honor 80
29734654,一枪惊世骇俗,5,不小心把裆删了，不玩了😭😭😭,,2024-07-23 13:21,红魔9S Pro+
110571886,李林森のお父さんです,5,这游戏可以连手柄吗,,2024-07-23 12:00,红米 Note 9
512538604,现在以后,5,这游戏是不是改名了，我记得刚上线的时候叫死亡细胞，过完年好像就改名叫重生细胞了！游戏对我这种手残的人来说确实有点难度，但好在画面和可玩性很吸引我，休息的时候来一把也挺不错的，不断学习中……,,2024-07-23 05:21,Redmi Note 10 Pro
426540597,机甲形态的宵宫姐姐,5,气死我了，之前一阵子dlc那么便宜，我所有东西全是原价买的,1,2024-07-22 19:22,Honor 60 SE
606940320,Ctwpqeqr,5,各位道友，有谁知道这是怎么回事嘛？<br />新手机，网络良好，内存12+8，储存256<br />但是就是卡这个界面，进不去😭😭,2,2024-07-22 14:02,HONOR CLK-AN00
424078171,七七,4,挺好玩的，但就是怪实在是难打，特别是想获得那个蜘蛛符文，中间要过好多个地图，前面用那个爱毒人士还是可以简单过去的，但是到最后一个怪太逆天了，很难打过去，而且那个变异不知道为什么，有时候可以选，有时候选不了，而且新手的获得的武器太弱了，想获得图纸，最好使用猎人手雷，但是只能用一次，难受。而获得的图纸又各不相同，并且想解锁一些新的图纸，太难了，我比较推荐上网查询攻略，能更好过渡新手期,1,2024-07-22 12:40,华为 畅享10
406046745,任梓默,1,我号呢，购买后还是不能玩完内容，客服还让我写什么表单，但他倒是说说表单在哪呀,3,2024-07-22 06:49,Redmi K50
607484097,没有钱哦,5,但能不能出一个联机模式，那样可以让这个游戏得到一个升华？这样的话，可能性价比更高一些，请求官方出一个联机模式,,2024-07-21 23:04,Hi nova 9
539564783,User539564783,5,打击感不错,,2024-07-21 22:57,小米Redmi 9A
127308666,落入凡间小笼包,1,手感拉稀，摇杆和按键做的是真恶心,1,2024-07-21 21:58,Realme真我GT NEO 3 150W
412862978,天,4,🥊打击感：蛮不错<br />😵游戏难度：不开辅助挺难的，开了辅助随便打<br />🔖运营服务：我不道啊<br />🌃画面音乐：像素风格让我十分喜爱,2,2024-07-21 21:11,未提供
422210569,思瑞思安,5,希望加一个移动键固定选项，谢谢,,2022-04-17 06:40,未提供
58071476,我要修仙啊,5,没意思。。。不适合我，花了三十，结果一关都过不去，也不知道目的是啥。😂,,2021-02-13 02:03,未提供
528030497,只因你太难了,5,菜就多练,,2024-07-21 15:18,OPPO PFTM10
526600932,AGd空调a,5,这咋搞的？一进游戏就这样。,4,2024-07-21 10:02,华为JAD-AL80
348527989,卡卡罗特. ,5,可玩性与耐玩性：🌟🌟🌟🌟🌟<br />从装备上来说细胞武器分为近战武器，远程武器和法术，盾牌，投弹，设置物，以及其他技能，这些装备可以分为1⃣️红流（暴虐流）2⃣️紫流（战术流）3⃣️绿流（生存流），相互搭配可以产生无数可能（除此之外装备上有“词条”这一概念，如果想要通关顺利，一些好的词条是不可或缺的）<br />从难度上来讲细胞对于刚接触这类游戏的新手来说难度我给🌟🌟🌟🌟🌟，我不多说，自己可以去游戏里自行体会，玩买之后这一暑假就不用愁了，即使你通关之后也可以去玩速通去刷成就和皮肤，也是一大乐趣<br />游戏一共有6种难度，也就是常说的几细胞，每个地图都连接着好几个地图，任玩家挑选，每种地图都有其不同的怪物和连接的地图，当不设置种子时，地图都是随机的，设置了种子后地图就固定了，不同的种子卷轴数量和种类也不同，从而也就有了哪种流派的神种<br />画面与音乐：🌟🌟🌟🌟🌟<br />没得说，挑不出任何毛病<br />剧情：🌟🌟🌟🌟🌟<br />剧情是我一直没有在意的点，直到我在b站偶然看到一个up主讲解剧情才知道原来剧情也这么优秀，感兴趣的可以去了解一下<br />运营：🌟🌟🌟🌟<br />我个人认为还行，被吐槽的最严重的就是乱码问题了，我个人经验就是这个纯粹是随机的，跟手机啥的没多大关系，我当时玩的时候用的是一个很一般的手机，但除了三姐妹那从来没有过乱码，除了乱码问题就是细胞官方不管事了，我个人不太在意种子问题<br />我个人的一些建议：<br />不懂别自己硬掰扯，不会就来搜攻略，大多数攻略早就在论坛躺了好久，完全可以自己搜，我经常在论坛看见同一个问题，你又不是婴儿，动动手指的事非要再重新问一遍<br />自定义模式慎开，开了之后就没有成就了，成就党谨慎选择<br />新手第一次玩肯定会觉得很难，但坚持下来技术就会有质的飞跃，要坚持<br />这是一个很肝的游戏，如果你想你的存档变好不是一天两天的事情，甚至不是一周两周的事，如果是没有耐心的朋友就别浪费这几十块钱了<br />新手如果想快速进步，那排在首位的就是练盾<br />如果手残党就去玩放置流，虽然不够爽，但保险<br />我个人的一些废话：我是从初一开始接触这款游戏的，当时对于我这种只玩过王者荣耀等市面上主流游戏的学生党产生了巨大震撼，原来世界上还有这么好玩的游戏😂，虽然说几十块钱对于我这种窮痹学生党有些肉疼，但换来的快乐是无价的，通过这个游戏认识了许多网友，也在论坛上学会了发帖，有正能量的帮助帖，也有负能量的挂人贴，当时也不知道是怎么想的，天天跟人在论坛对线，现在想来也是莫名其妙，初中三年结束了，这款陪伴我三年的游戏也玩腻了😊<br />最后祝细胞越来越好，也祝大家早日五细胞毕业,65,2024-07-21 09:36,iPad Air (5th generation)
350420547,饭柱,5,我心目中的唯一真神，无脑入就行了，而且现在对新手很友好，内容丰富，非常有可玩性，现在还有打折活动，非常实惠。,2,2024-07-21 02:28,未提供
598075974,灵魂之海,5,好玩，但是最高用手柄，有没有手柄完全是两个游戏,,2024-07-20 20:19,未提供
652868116,望江听海,4,内容不错，已经打满5五个BOSS细胞了，就是乱码能不能修复一下。,,2024-07-20 19:45,红米 K70
486864281,User486864281,2,这是咋搞的？删了游戏还是不行,4,2024-07-20 16:47,OPPO A56 5G
540564682,小武,5,好玩，就是操作有点难,1,2024-07-20 13:06,华为Honor 10
5124757,亦正亦邪,1,官方能不能修一下bug啊？有时一到拿威力卷轴时就闪退，只要这局游戏里出现了一次，只要不重新开始，都会出现闪退。重进游戏后只能回到游戏入口处😓,3,2024-03-17 05:04,Redmi Note 11T Pro
516618546,Yooubi.,5,非常好玩的肉鸽！😍,1,2024-07-19 18:10,iPad Air (5th generation)
450880580,绝对可靠,1,我花了33买了原版和4个dlc，体验感跟一坨屎一样 客服还不让退款，呕,1,2024-07-19 09:46,未提供
26802343,阿鹏,1,太难了  我打不过去,2,2024-07-19 01:51,红米 K30
71862915,风,4,单做个人记录，不做参考评价。<br />手机端初通0细胞来补个评论。<br />steam移植做的还不错，尤其是上一次最大的版本更新拉平了除恶魔城联动外的端游版本，以及终于加入了固定摇杆，操作手感舒服了很多。其余的优点都是老生常谈，经久不衰的游戏就是能经受得住时间的考验，好玩，爱玩。<br />剧情方面尚未探索完全，不过琐碎的线索仅靠玩家串联确实不好整理啊，能不能出个官方解读设定集啥的～,12,2023-04-09 01:36,IQOO Neo6
507864436,坤,4,游戏挺好玩的，就是那个按键太小了,1,2024-07-18 21:15,红米 K70
426766187,User426766187,3,为啥进不去了,2,2024-07-18 20:51,Vivo IQOO 12 Pro
354364128,小泽,4,怎么退款,,2024-02-05 17:09,中兴7530N
394783759,廿,4,游戏很好玩 有点虐无所谓 但是这发生什么了啊 一更新完系统就玩不了了 求解（说我是内存不够，但是不还剩很多吗？）,2,2024-07-18 19:24,红米 K70
557456704,白月,5,我刚玩感觉很耐玩刚过一周目，就是我操作不怎么行经常被boss虐，肝度和泰拉瑞亚星露谷等游戏的肝度差不多，可以不肝。,,2024-07-18 18:15,vivo Y3
649814860,清朝砖家,5,我非常喜欢这款游戏，但是不好的消息，重生细胞不会再更新了。重生细胞在2023年就已经宣布停工了。取而代之是研发其他游戏，我个人觉得它一个非常成功的像素游戏。不过这游戏是单机，也无法再更新了。下载后还要购买才能解锁完整版。我个人买是64元，这游戏终究只是买断游戏，有开始也有终点。死亡并非终点，但是开发者停工对我来说重生细胞有了自己的结局。,,2024-07-18 18:09,OPPO R15中国版
99734841,压力山大,1,操作真垃圾，特别是那跟走动摇杆，小的跟个点一样，真垃圾,2,2024-07-18 15:41,小米Xiaomi 14 Ultra
126665003,Gem[宝石],4,啥玩意？不过之前已经把白王刷出来了，不亏,2,2024-07-18 14:45,Redmi K50 Ultra
4666331,肥大童,1,方向键感应就是依托答辩，也不知道是太过灵敏还是优化不行，打着boss明明要往上跳，然后莫名其妙就变成下跳，非常恼火，不想降低难度玩，但这样根本打不过去，体验差的要死，已经卸载了，打个单机都能打恼火，烦得要死,2,2024-07-17 23:33,RealmeGT Neo5 240W
14280188,W,1,不要付费！一直闪退、崩溃、打不开，根本没法玩！！！,1,2024-07-17 21:18,未提供
67729306,User67729306,5,最喜欢的游戏,,2024-07-17 19:55,iPhone 15
482593123,老八,1,啥掉游戏给我存档卡没了,1,2024-07-17 19:47,Vivo V2121A
13597329,任逍遥,1,*****,3,2024-07-17 17:17,Honor X50i 
558293656,。……,5,好玩但几乎没有更新了,,2024-07-17 14:02,小米Mi 11
425796876,U盾还是,1,刚花钱买了30就给我闪退出这个,4,2024-07-17 13:59,小米13
650541013,晓语v,4,十分上头，可现在你跟我说它的DLC几块钱就能买，早知道以前不买了。现在再买。,,2024-07-17 09:05,小米 Redmi 10X
462856369,ᝰꫛꫀꪝ𐂂,5,游戏很好玩，下次别搞背刺了,2,2024-07-17 01:08,Huawei Enjoy 60
475195951,摘星,1,闪退<br />叫我白瞎这30块钱？,8,2024-07-17 00:43,未提供
643648433,斩,1,不是官方能管管不？刚把所有的DLC买完，你给我说不能进了。别把玩家当傻子搞，好吗？,5,2024-07-16 23:57,红米 K70
416936735,ROG,5,整体上各种内容都很不错，有各种彩蛋，剧情也非常完善，但我感觉手机界面的交互令人比较难受，总有一种笨拙的感觉，顺便问一下。死亡细胞移植原生鸿蒙吗？,,2024-07-16 21:19,华为  MatePad 
518761039,s的人,4,很好玩全买了近70元物超所值就是有点难,,2024-07-16 20:38,华为 畅享10
469507221,Fvz_,5,无需多言，好玩耐玩,2,2024-07-16 18:35,一加手机Ace 3 Pro
416074338,感感冒,4,优化太差,1,2024-07-16 15:20,华为 Mate 30
643818895,溜溜狗,2,什么鬼，怎么解决。,10,2024-07-16 15:10,HONOR 90 GT
414163549,遇见迪迦,1,买了之后不让玩了,5,2024-07-16 14:21, iQOO 11 Pro
643455459,楚度,5,😵游戏难度较高<br />🎲随机性设计优秀<br />🕹️耐玩性：5细胞，还有巨人，收藏家，各种dlc很高,1,2024-07-16 13:35,红米 K70
578924147,古之来人,4,背刺！！！狠狠的背刺！！！,1,2024-07-16 09:24,华为STG-AL00
574449063,寒然,3,求助，我更新了一下手机以后，手柄链接不上游戏了，玩别的游戏手柄没问题,1,2024-07-16 05:00,小米Xiaomi 14
39186173,仰望Lost,3,😵游戏难度：<br />很难，非常吃操作。刚开始玩的时候在地牢里出不去，有时候还是得开辅助模式。<br />🕹️耐玩性：<br />玩熟练了，光武器流派搭配的复杂多样性，随便玩个一百小时往上吧。<br />🎲随机性设计：<br />大框架在那里呢，变不了多少。<br />🥊打击感：<br />很舒服，但完全比不上电脑版，手柄玩更舒服，有震动反馈。<br />✍🏻建议：<br />手机版真垃圾，存档经常出问题崩溃。打了好久的存档说没有就没有。后来发现上传云存档就没有这种情况了。<br />🔖运营服务：<br />dlc很便宜,2,2024-07-16 00:46,小米13
22571586,觞墨妍,1,一细胞之后就开始出乱码，卸载重新安乱码倒是解决了，但是存档删了,1,2024-07-15 20:15,红魔9S Pro+
581272848,Aricardo,1,为什么会进不去啊？删除重进也解决不了😅,2,2024-07-15 19:28,OPPO A72
497123257,老龙停止了思考,4,全款买的我现在像个小丑😭,4,2024-07-15 18:28,荣耀 V30
437818022,立羽,5,为什么不出个联机闯关,1,2024-07-15 17:48,未提供
462449302,开朗的网友V,5,到后面的关卡还要付费，太好玩了,,2024-07-15 15:10,Honor Play 40 5G
67408406,薛之谦,3,后面越玩越没意思，然后后来直接就进不去了，然后现在重下以后账号登不回去了。害我白花那么多😔😔😔😔😔😔😔😔😔😔😔😔😔😔😔😔😔😔😔😔,1,2024-07-15 12:11,小米Xiaomi 14
584886330,沃鲁姆,4,二细胞也太难了吧，我又不想开自定义,,2024-07-15 07:16,Huawei Nova 9 SE
83205946,手机用户83205946,3,才玩几天就登不进去了，到底什么情况啊,3,2024-07-14 21:59,Redmi Note 10 Pro
426439489,亵渎天神,5,怎么了？求教怎么弄好,2,2024-07-14 19:53,Vivo Y53t
523913204,忆难念.,5,就是说入坑不亏而且现在DLC也在搞折扣，就缺点就是触控端摇杆是移动的下坠的位置难调，前期玩起来比较乏，累（主要是东西少）比较耐玩,,2024-07-14 19:30,HONOR CLK-AN00
649931058,天空长城,5,🕹️耐玩性：<br />🎲随机性设计：满满的像素风，地牢非常舒服,,2024-07-14 18:33,未提供
419625453,屎去的狼某突然攻击我,5,后期陷阱伤害太高了,1,2024-07-14 16:19,未提供
575831284,羊里布,5,这个游戏手残党确实不适合（毕竟本人就是这样😁），但游戏性很高，玩起来也很爽，玩了一天了，只打通了一细胞,,2024-07-14 16:11,华为荣耀8X
51850409,飞翔小火龙,4,游戏最大的卖点就是剧情和打击感，尤其是打击感在手游可以排的上前列<br />唯一的缺点就是太费钱了😭<br />本体卖30，DLC加起来也要30多，还是内购退不了钱真有你的，本来想玩就退款的😝<br />不过确实挺棒的，建议小伙伴们等打折了再去买吧，有点小贵,1,2024-07-14 15:33,未提供
567554676,123,4,又炸档了，确定不修一下吗,,2024-07-14 12:48,Redmi K60
365583347,开心,5,好玩,2,2024-07-13 22:53,Realme X7 5G
579601896,666,1,刚充dlc一把都不进去垃圾游戏骗钱退了都不行流量网络都用了进不去找客服没用别买dlc别买dlc别买dlc别买dlc骗钱游戏垃圾一直卡在这里,8,2024-07-13 22:18,Realme真我GT6
17911064,雨泽,4,最终boss？居然是自己人？,,2024-07-13 18:48,Vivo Y78m
565311815,绪,5,有谁知道这个可以存档吗？,,2024-07-13 18:41,Vivo IQOO Neo9
526293803,甘辽,4,其它一切都好，只是耐玩性低一程不变的闯关大大降低了玩家们的兴趣。<br />（我就想要一点增添，出个连机1V1格斗）<br />（出战角色）：可携带在“闯关中所得”的能力与道具对战<br />虽然公平性不等，但更有趣神秘，变化更多样性，你永远也不知道你的对手是怎样的，（他带了什么技能？什么武器？你用闯关所得物品又能玩出怎么样的花样来？）<br />非常期待，希望官方能够瞟见我这微不足道的小人物意见，升价也完全没有问题，相信没买的玩家也会接受的🤓,74,2024-07-13 17:01,Xiaomi Redmi Note 11
487830921,隐逸散仙,4,好玩，就是有点难，乱码怎么解决啊😭,,2024-07-11 15:32,Vivo X80
55659508,DEVIL,1,玩这游戏首先你需要有足够的耐心，玩一次面临了七次游戏特色和七次闪退。我去客服反馈，结果告诉我是我的问题。要是这游戏不修复好，是真的很难给五星,6,2024-07-12 18:19,Vivo IQOO Neo7
30113056,(⊙o⊙)哇,1,好好好 这么玩是吧？,4,2024-07-13 09:03,小米Xiaomi 14
376779736,润,4,之前在电脑课偷偷玩 没想到手机现在也可以了,1,2024-07-12 23:03,华为 荣耀Play 4T Pro
335881527,-゛[ 少年可知丶],1,手机别玩，真的会闪退,6,2024-07-12 15:39,Vivo X100s
582601676,sanes光,5,难度可调，打击感强,1,2024-07-12 08:27,Honor Play 40 Plus
321682877,我就是木,1,好多bug，一捡武器就卡死，服了,8,2024-07-12 01:05,HONOR Magic6 Pro
430563918,小师叔,5,什么时候能搞个联机模式,1,2024-07-11 17:31,Vivo Y53t
109357897,手机用户109357897,3,游戏很好，但为什么我更新之后就进不去了，重新下载也是一样,2,2024-07-11 15:44,Redmi Note 11T Pro
62806694,]年华易碎:D,5,作为一个资深细胞人，虽然才上初一，但是已经把全dlc解锁并且五细胞，八大符文全部解锁，可以说是满级存档了。但是我原来30元买的完整版，不知道现在多少元了<br />如果现在减价了那我就是大冤种了😭,,2024-07-11 15:23,Honor Play 30
363133371,梦获Φ逍遥,1,游戏本身质量还是可以的。但是bug太多。运营到现在都不行。最近连游戏都进不去。😔,7,2024-07-11 11:22,红米 Note 11
377537236,......,5,这个是咋回事呢，家人们😅,3,2024-07-11 09:53,Vivo S19
100694933,张仔,1,的游戏就是这个界面，一直退不出去，进好几次，一直这个，都玩不了，服了,6,2024-07-11 09:42,Vivo IQOO Neo9
397345104,浮星,1,不推荐买，不好玩，不值这个价，不知道用手柄玩怎么样,3,2024-07-11 01:06,未提供
